title,number_of_pages,author,isbn,number_of_followers,library,rating,number_of_votes
Everyone's Hero,5,Christen O' Bee,575911995-8,5160,1,6.2,77
"Patent Leather Kid, The",422,Farris Gapper,034613027-1,78686,850,6.2,432
Chouchou,60,Clayborn Capstack,173006840-5,44,983,8.8,7
Orderly or Disorderly (Be Tartib ya Bedoun-e Tartib),6,Tim Levick,493571963-X,8821,414,9.7,153
Space Cowboys,9912,Tabby Carvil,316796498-7,3,769,9.8,127
"Jo Jo Dancer, Your Life is Calling",226,Madella Crossby,082471103-3,60,694,3.2,119
Syrinx,88,Gordy Velti,579939473-9,0,50,8.7,306
Libre échange,56332,Agosto Filip,436849599-3,0296,961,9.9,421
Troll 2,6312,Oralee Tumasian,163463556-6,4,676,5.1,90
Sister Act 2: Back in the Habit,47,Culley Sidlow,543718955-9,113,840,2.4,419
Exporting Raymond,6289,Gwendolyn Hodgets,241760281-4,704,857,1.7,173
"Hucksters, The",558,Trumann Disley,154732120-2,8366,442,8.6,280
Secrets of a Soul (Geheimnisse einer Seele),48853,Andrew Madgwich,173730089-3,6598,385,9.8,15
Hostile Intentions,7271,Deane Menary,838549729-3,8,124,8.9,254
Shadow of the Thin Man,0,Branden Aujouanet,201010601-6,98,404,6.7,202
The Inhabited Island 2: Rebellion,0170,Berty Tomala,037178751-3,053,521,1.9,240
Plankton,082,Dalia Page,717744324-X,76999,456,7.6,392
Kinsey,35,Claudio Langtree,499813355-1,05111,506,7.9,192
Casablanca Express,80423,Perkin Guntrip,594942518-9,41,227,2.4,456
Drunk Stoned Brilliant Dead: The Story of the National Lampoon,09665,Paquito Greenslade,486864081-X,4,763,5.0,114
The Forbidden Room,37381,Rorke Tomaszynski,557287218-0,93,215,2.1,233
"4 Horsemen of the Apocalypse, The",00804,Lola Blew,960105625-4,6607,606,8.5,146
"Comfort of Strangers, The",82451,Annalise McIlveen,408557051-X,5646,690,1.9,392
Grumpy Old Men,0,Zeke Drew,695375668-3,779,657,6.9,359
Ed,8849,Alene Conklin,183253876-1,354,361,6.0,280
Endeavour,6792,Larina McSpirron,838103329-2,8383,343,9.6,139
"Night in the Life of Jimmy Reardon, A",0,Fan Samwaye,589889610-4,2,872,1.2,235
Sunflower (Xiang ri kui),006,Sauveur Shapira,072229380-1,29127,881,3.5,20
"President's Last Bang, The (Geuddae geusaramdeul)",440,Doti Mackrill,484013433-2,28,414,8.0,317
My Name Is Julia Ross,4361,Nat Luckhurst,571630559-8,2760,814,8.1,168
"Frankenstein Syndrome, The",151,Abby McGaugie,976063834-7,18429,55,8.6,468
Live and Let Die,2922,Benn Patley,076300450-2,31,690,5.5,451
Blackadder's Christmas Carol,95946,Marietta Nellis,417098380-7,7,807,6.3,158
Films to Keep You Awake: The Baby's Room (Películas para no dormir: La habitación del niño),3,Barnie O'Lunny,045180710-3,83818,147,1.4,424
"Siege, The",8,Pauli Soden,961292290-X,779,101,3.1,363
"Red Bear, A (Un oso rojo)",61190,Augustine Dyment,106544050-2,7598,977,2.1,173
Record of a Tenement Gentleman (Nagaya shinshiroku),53,Zorana Klaaassen,680762045-4,50,250,5.2,259
Catfish in Black Bean Sauce,70805,Zachariah Reaveley,126108350-4,36778,751,4.3,328
"Witching and Bitching (Brujas de Zugarramurdi, Las)",717,Ninnetta Huggens,483483240-6,30816,444,8.2,112
First Daughter,184,Chucho Duling,743251991-9,9609,884,5.9,80
"Wings of Desire (Himmel über Berlin, Der)",283,Natalina Lowrie,367210165-6,2,957,7.2,137
Sicko,3031,Hedi Espinoza,466566950-3,0249,479,9.9,13
Evidence of Blood,6360,Rhea Payle,265646151-0,3659,939,3.3,400
A Night at the Movies: The Suspenseful World of Thrillers,2,Mirella Beining,388957665-6,7,631,7.2,227
New York Doll,669,Stafani Rasper,383624181-1,2503,826,2.1,474
"Postman, The",5,Violetta Copeland,349679278-7,99390,66,5.3,231
Mickey's Twice Upon a Christmas,49,Audrey Croxon,960848989-X,1,953,8.7,221
R100,049,Dexter Connell,258439281-X,3,983,5.8,477
Ali G Indahouse,8247,Bernardina Hassard,398733781-8,76,474,2.0,430
Born to Fight (Kerd ma lui),10637,Kimbell McComiskey,706372090-2,0,63,6.9,348
Roseland,38479,Aloin Scantleberry,100269527-9,3,337,5.8,289
Bright Days Ahead,45766,Denny Hymans,419375002-7,38092,480,5.5,364
Sintel,954,Suzanne Joist,044096620-5,5,52,1.5,121
"Heartbeat Detector (Question humaine, La)",7,Vittorio Wyke,439028225-5,074,714,4.8,441
Cowboy Bebop: The Movie (Cowboy Bebop: Tengoku no Tobira),01,Michele Martyntsev,366518114-3,1973,620,6.5,56
Vera Cruz,015,Deirdre Ware,890355119-2,1751,452,6.6,346
Cirque du Soleil: Varekai,694,Damara MacKean,919988726-6,6801,460,5.0,423
Zero Kelvin (Kjærlighetens kjøtere),077,Emmey Pear,480322454-4,261,106,3.9,108
Jealousy,24854,Klara Balharry,100481215-9,22,793,2.3,430
"Mack, The",7436,Wenonah Crippell,838109677-4,79942,678,5.7,238
Just a Little Harmless Sex,6270,Chuck Stoller,013366580-1,6,203,8.0,63
"City of the Living Dead (a.k.a. Gates of Hell, The) (Paura nella città dei morti viventi)",756,Daisi Burfoot,313070514-7,70514,575,9.1,399
"It's Not Me, I Swear! (C'est pas moi, je le jure!)",1911,Jemmie Sellors,749009665-0,19996,352,1.6,15
Pulling John,273,Maison Guerrin,293162575-2,762,61,4.8,64
New World (Shin-sae-gye),64,Joelly Dankersley,183994721-7,975,241,7.9,129
Beauty and the Beast (Beauty and the Beasts: A Dark Tale),30,Juana Pellew,280213783-2,9212,825,6.7,71
If....,8,Ada Ferencz,278383546-0,63789,337,2.7,379
"Stationmaster Is on Fire - The Movie, That Is!, The (Stinsen brinner... filmen alltså)",69825,Gina Kovalski,209158498-3,063,968,5.4,159
Gay Purr-ee,39309,Rennie O'Carran,323938422-1,4,753,6.4,343
What's the Worst That Could Happen?,4010,Dagmar Krammer,418536615-9,205,743,1.9,226
"Last Exorcism, The",69422,Marthe Licciardi,268533572-2,49552,126,8.3,289
Dinner at Eight,4,Denice Clayworth,634895066-2,87,741,9.2,330
Traces of Red,368,Biron Evangelinos,162101537-8,7442,997,6.9,188
"Presence, The",06,Inglebert Marflitt,184495118-9,617,839,2.9,87
"Battle of the Rails, The (La bataille du rail)",6167,Archy Kiloh,968832635-6,1,671,5.2,139
Karlsson on the Roof,28,Haley Rowney,297053715-X,14952,550,1.8,374
It,54609,Rasla Lodovichi,771590633-6,93,927,8.9,354
They Drive by Night,1686,Rubin Ailward,749344881-7,476,60,6.1,375
Max Keeble's Big Move,5,Delphinia Rulten,971701859-6,33564,357,4.4,274
"Incredible Mr. Limpet, The",51311,Amalee Hennemann,185506293-3,941,785,3.0,258
My Crazy Life (Mi vida loca),29,Elsworth Goodburn,209387473-3,933,102,9.0,81
Nightwatch,74,Jaimie Walicki,064060512-5,95,10,9.4,77
Pulling Strings,9,Alix Wroe,855498875-2,60,28,5.4,394
"Horse Rebellion, The (Pulakapina)",8889,Rutger Deware,867145569-6,555,350,9.8,289
"Falls, The",909,Obadias Mateus,896156629-6,597,669,7.7,500
Luna de Avellaneda,1,Nadeen Fawckner,844520581-1,66173,366,6.6,367
Xala,2955,Valma Rigden,946009634-4,768,902,5.5,116
Tarda estate,60,Frasquito Meardon,807387430-X,2321,183,3.2,179
W Delta Z (a.k.a. The Killing Gene),840,Kimmy Ambrogioli,435598088-X,981,463,7.4,330
"Eye 2, The (Gin gwai 2)",6379,Jeanelle Riseam,589051482-2,35,403,5.9,418
"Miracle Worker, The",1010,Brent Jost,464671589-9,42,60,6.6,211
My Life and Times With Antonin Artaud (En compagnie d'Antonin Artaud),9,Jesse Whittingham,651441706-X,19369,15,2.6,344
Argo,5437,Shannon Harriday,130790646-X,98768,277,2.0,245
"Low Down Dirty Shame, A",577,Robbyn Androlli,440144426-4,0538,840,5.8,57
"Fantastic Night, The (Nuit fantastique, La)",304,Oswald Martinelli,416677366-6,5787,208,1.3,492
"Bo Burnham: Words, Words, Words",35,Boot Grindlay,507598998-5,65004,500,9.3,137
Last Call at the Oasis,3,Mandel Longden,685256640-4,29,992,9.2,349
Voices from the List,4239,Donnie Burris,634227762-1,1509,264,4.0,316
"Dorado, El",741,Yancey Matts,304269216-7,14,583,2.4,123
Keith,1362,Reg Libby,025905769-X,6,232,1.4,268
Epic Movie,9550,Mordecai Fayter,119515116-0,6,820,4.9,308
"Tortured, The",9,Rowney Droghan,523599964-9,014,563,1.7,85
Milk and Honey,8633,Andriette Tuting,900515387-3,04538,561,7.4,166
Gun the Man Down,74,Benoite Evensden,719315063-4,2,519,2.4,275
Mother of Mine (Äideistä parhain),63,Haskell Baptiste,776503792-7,914,363,9.2,131
Tom Sawyer,45,Bernetta Upson,129191664-4,6,398,8.3,44
Martin Lawrence Live: Runteldat,079,Orton Andriss,942808808-0,7,811,6.7,77
Double Take,379,Clemens Realff,611753161-3,2,785,7.1,434
"Ghost and the Darkness, The",49,Walker Ramsier,377082888-7,2656,152,1.9,76
Bandidas,24966,Cynde Hanbury,332619921-X,40440,153,5.7,290
The Runner from Ravenshead,584,Ebba Iacobacci,670884069-3,11826,739,1.4,154
"Bells, The",45,Ashely Sandaver,950611705-5,04087,750,5.1,400
Diary of a Hitman,3002,Leonhard Martynka,322862932-5,0,171,5.4,157
"Smiling Lieutenant, The",81577,Waverley Wingrove,609982820-6,51,4,4.9,412
Jim Gaffigan: Obsessed,46,Cornelius Gotling,739616221-1,5701,211,3.3,88
The Studio Murder Mystery,1844,Der Konmann,795846896-2,451,783,1.7,104
Panic,4,Bunni Gleadhell,981487218-0,3,649,6.4,49
"Keys of the Kingdom, The",130,Noelle Mylchreest,003777606-1,8388,177,2.5,304
D.C.H. (Dil Chahta Hai),50270,Alasteir Claremont,371938942-1,3071,64,1.2,219
Legends of the Canyon,2299,Queenie Soden,098975239-9,47538,745,9.7,253
Coffy,9910,Rogerio Hasell,493312882-0,6291,534,2.9,178
Heaven Can Wait,7,Elna Sartin,535110801-1,943,375,9.5,285
Den sommeren jeg fylte 15,0,Carter O'Fairy,177315203-3,25,195,1.2,324
Zulu Dawn,6,Lucy Smallwood,694088861-6,33,585,5.5,55
Marilyn in Manhattan,117,Orel De Ferrari,731937551-6,7439,841,2.7,60
My Wife Is a Gangster (Jopog manura),29540,Tomas Upston,047629099-6,3865,425,1.1,278
Who Am I? (Wo shi shei),14,Vikki Stealey,116091690-X,917,899,3.1,459
How She Move,89,Tersina Leinster,494320222-5,85330,833,6.6,211
Sasori,78,Clyde Hainning,342935065-4,80840,11,2.6,328
All Together,8,Gustavo Sharrard,649780621-0,84,155,7.0,166
Love & Sex,4,Emanuel Chaloner,020032166-8,06519,727,4.7,470
Silent Light (Stellet licht),493,Carolann Duigenan,815935324-3,2880,853,7.0,464
Bratz: The Movie,32501,Samaria Pock,859235130-8,4684,110,1.9,252
Vince Vaughn's Wild West Comedy Show: 30 Days & 30 Nights - Hollywood to the Heartland,9708,Emlyn Joret,145802053-3,7191,216,5.3,176
Behind Blue Skies (Himlen är oskyldigt blå),606,Tye Saul,986804809-5,447,435,4.1,2
"Ref, The",10,Chip Watkinson,418410533-5,08425,68,9.9,456
Al otro lado,25,Evangelina Batalle,145891594-8,0,232,2.1,178
Curse of the Pink Panther,0612,Natalee Tolomio,341396504-2,23121,106,3.2,342
Inside the Twin Towers,86914,Luz Pietruszka,416563086-1,843,444,7.5,71
Shakespeare in Love,8535,Morna Bousler,438407134-5,374,874,7.3,20
Thunderbirds Are GO,8317,Thaine Gaytor,058996582-4,323,880,5.3,79
Men in Black III (M.III.B.) (M.I.B.³),13288,Dorisa Downing,651876683-2,204,92,8.9,53
"Seasoning House, The",723,Antoni Linnock,164755926-X,58894,109,4.7,162
So Proudly We Hail!,41042,Rex Crowcroft,140921271-8,37716,23,6.4,295
With a Song in My Heart,48,Lotty Freeth,602270946-6,9349,393,7.9,394
"Zidane: A 21st Century Portrait (Zidane, un portrait du 21e siècle)",58,Debbi Glazzard,283613389-9,61212,220,1.6,14
Days of Wine and Roses,7596,Filbert Schaffler,151374982-X,2143,234,2.7,192
Gettysburg,8,Kally Vigurs,336534336-9,27,972,2.8,391
"Inspectors, The",4,Marten Bonnette,828318874-7,891,399,8.6,442
For Your Eyes Only,25905,Tory Karlolak,593141441-X,400,524,8.2,187
America Before Columbus,733,Letta Geldeford,860831343-X,7303,424,3.9,146
Animals United,2,Lucita Clitsome,848413329-X,51076,81,2.5,438
"Santa Clause 3: The Escape Clause, The",553,Kittie Medhurst,856587007-3,47376,776,5.2,230
Edge of the City,446,Julia Mc Dermid,556469411-2,25,211,8.0,249
"Little Stiff, A",751,Malanie Di Biagi,211411414-7,64,564,9.0,427
Tucker: The Man and His Dream,06987,Elwyn Coggeshall,245379824-3,9425,38,3.3,397
Married Life,2742,Harriett Wake,179102264-2,94479,704,1.8,340
"Ghidorah, the Three-Headed Monster (San daikaijû: Chikyû saidai no kessen)",2,Lissi Feldbrin,411798290-7,2704,637,3.2,68
Bedazzled,5,Mordecai Garbutt,450441908-4,66,512,3.9,73
"Last American Virgin, The",1548,Enrico Jaggi,322665383-0,7026,285,1.1,278
"Gentlemen Don't Eat Poets (Grotesque, The)",31200,Verne Janjusevic,921522410-6,781,159,8.2,55
Breaking and Entering,33964,Marcy Fransinelli,855686611-5,47090,522,5.9,298
"Borrowers, The",2,Gizela Scirman,927388440-7,062,169,2.9,395
"Day the Universe Changed, The",542,Creigh Nottingam,171248216-5,55,686,1.1,427
Tropic Thunder,30,Maurizia Harcombe,416934150-3,21,728,3.8,137
"Serpent's Egg, The (Schlangenei, Das)",4,Herrick Raywood,413938572-3,2,490,7.7,261
"Where Angels Go, Trouble Follows",3727,Giustino Heers,329830400-X,78069,232,2.6,333
Baby Doll,0,Peirce Sparkwill,631010817-4,57546,72,9.4,243
Black Moon,2,Vivianna Mogford,791278797-6,3,98,5.5,327
"Norte, El",5,Wenona Hurch,141020255-0,7,176,4.8,353
Josh and S.A.M.,2,Daveta Manning,370151156-X,5,866,3.0,256
Alan & Naomi,50,King Laird-Craig,709457977-2,4222,266,3.2,393
Confidential Report,38,Colette Groom,319047168-1,75,598,1.6,76
Double Dhamaal,8,Marge Peabody,209922200-2,2,830,3.5,373
Sovereign's Company,6,Dallas McIsaac,636199029-X,2,732,1.1,339
Halloween III: Season of the Witch,9,Callida Dunford,472366048-8,29,292,7.4,429
My Friend Flicka,544,Nat Torn,685609139-7,3706,597,4.7,233
"Hangover Part II, The",6,Ephrem Fewings,619232156-6,05,376,7.7,80
The Sweet Ride,849,Ericha Ormston,260736600-3,62095,229,6.2,218
Mourning Becomes Electra,60,Beau Fluger,419309742-0,8542,714,4.1,270
Treasure Island,4789,Yehudit Ponder,142759868-1,38343,69,7.6,5
"Falls, The",93,Crin O'Gavin,292671154-9,5618,201,6.7,413
"Driver, The",05069,Jemima Point,806654018-3,2291,225,5.3,23
All the Vermeers in New York,940,Prinz Baynes,247323886-3,5198,834,8.5,270
All or Nothing,4,Burnaby Abrahmer,470662201-8,79,373,8.1,343
Elaine Stritch: Shoot Me,238,Sherline Malarkey,837378436-5,92635,742,8.6,426
Invitation to a Gunfighter,048,Kial Broader,029065402-5,79647,488,3.0,91
Trois,7240,Ettie Hallgarth,109720078-7,8756,311,1.9,201
Relative Strangers,72,Caril Taysbil,357193333-8,50017,598,8.8,11
Oh Happy Day,3334,Antonia Czyz,638165599-2,8554,484,5.9,317
The Dark Knight,704,Noah Franz,075768000-3,3,798,9.8,154
Arn: The Kingdom at Road's End (Arn: Riket vid vägens slut),1224,Padget Hallatt,809349895-8,2763,57,5.5,166
Love Life,79572,Caleb Fonzone,958358326-X,2205,6,9.1,357
Human Failure (Menschliches Versagen),34176,Philippa Cosker,706715051-5,8,14,6.1,14
Deep End,51432,Stillman Peakman,821396708-9,2605,451,7.3,428
Law and Order,33,Sauncho Symcoxe,013991359-9,94,578,5.3,195
Altiplano,25748,Staci Challiss,523418901-5,53476,582,3.2,50
Alexandria... Why? (Iskanderija... lih?),10,Corliss Gaskall,996956385-8,801,41,6.9,340
One Night at McCool's,993,Seamus Giorgini,468767024-5,56,346,6.0,55
"On Guard (Bossu, Le)",30,Anne Shelliday,096315630-6,32,530,1.4,493
A Connecticut Yankee in King Arthur's Court,1,Jeremiah Reijmers,017854314-4,1,495,7.4,13
Madam Satan,091,Ilene Baddeley,422772741-3,124,929,5.8,100
Prairie Fever,49,Jennee Heeran,141120511-1,7,333,5.4,199
Doghouse,14,Karalee Kinneally,846640731-6,10417,644,8.9,344
"Merry War, A",4338,Aeriell Kikke,849584509-1,2,608,5.9,129
"General, The",76057,Darby Fitzroy,532488745-5,3358,979,9.9,324
711 Ocean Drive,93,Darsie Edmed,633984901-6,144,610,6.4,282
Cry Freedom,01,Marlowe Carslake,583731814-3,51702,530,5.6,449
How to Make an American Quilt,71,Cort Pechard,130879977-2,97,440,1.3,437
Darker Than Night,672,Bernetta Flann,068877515-2,126,356,4.9,242
Zus & Zo,3156,Bucky Wesker,768743963-5,5859,115,4.0,384
"Children of Heaven, The (Bacheha-Ye Aseman)",8,Joelle Stayt,446900441-3,31730,359,1.3,40
Prefontaine,02,Noble Pennacci,936078411-7,4,754,2.7,320
Annie Hall,31619,Belle Dybald,180390250-7,3,517,4.5,41
23 (23 - Nichts ist so wie es scheint),5914,Chen Richel,320032624-7,1,766,3.4,134
Bad Guy (Nabbeun namja),38208,Meggy Crosscombe,031237851-3,6,515,9.9,191
Nomads,738,Garwood Stratford,940914796-4,19,857,7.6,137
Independence Day (a.k.a. ID4),381,Gerry Wennam,385189530-4,5751,830,4.8,284
"Ruins, The",0378,Mercedes Brolly,920200410-2,75700,571,7.2,306
Wishmaster,29,Bobbette Firks,573635337-7,62767,498,1.9,361
"Gore Gore Girls, The",23,Ingrid Oley,369784696-5,88,648,8.1,107
Superman Unbound,04084,Daryn Storey,162552492-7,0090,149,9.2,180
Feast,2,Meridith Mouth,076207079-X,893,211,7.1,390
Narrien illat ,5,Dre Ducker,372698169-1,2,899,1.2,31
Jack and the Beanstalk,840,Mikey Warkup,298149028-1,71558,707,7.7,468
People of the Wind,061,Birdie Dickens,060985001-6,1455,41,2.9,324
The Six Million Dollar Man,703,Phillida O'Cahsedy,110486079-1,416,138,3.4,474
Twister,24,Viki Edmans,342948231-3,0,320,2.4,471
True Legend (Su Qi-Er),43150,Emalia Smallwood,600073928-1,47287,559,6.5,213
An American Tail: The Mystery of the Night Monster,78303,Lindy Ortells,391313721-1,3502,519,8.4,2
Begin Again,3,Frasier Brunger,054447414-7,0669,88,7.2,90
Splendor,48898,Twyla McEvon,350972369-4,679,914,4.5,277
I Am Fishead,84,Teri Shearston,172725646-8,05027,509,8.4,36
"Snake of June, A (Rokugatsu no hebi)",617,Clea Brixham,137134494-9,8,635,5.1,240
Voyage to Cythera (Taxidi sta Kythira),7,Cassy Anniwell,022783404-6,7905,714,7.0,498
Confidentially Connie,39,Kamila Downey,692615175-X,26,122,1.9,93
"Ah, Wilderness!",197,Lilli McGonnell,564501525-8,96070,148,4.8,129
Are You Scared?,1160,Gwenette Lapish,081919534-0,47551,32,8.0,59
Grayeagle,5,Kimberli Bonnell,371550520-6,86,762,8.2,192
"Return to Salem's Lot, A",6189,Marsiella Paull,143079623-5,39,143,4.4,423
Battle in Seattle,0,Moina Giacopetti,745202761-2,09576,145,6.4,77
Wittgenstein,07151,Bartolemo Lorente,130483451-4,108,71,2.5,220
"Premature Burial, The",03437,Dione Scripture,098989143-7,38091,792,4.8,460
Spud,7385,Vance Pash,312212022-4,71,115,3.0,113
[REC] 4: Apocalypse,51,Gerrie Baudinet,033170313-0,4,771,7.9,393
Ballad of the Little Soldier (Ballade vom kleinen Soldaten),56456,Evangelina Doerling,066328154-7,367,648,6.4,54
Trick 'r Treat,1963,Charlie Pettyfar,737072639-8,73,435,8.8,13
Crazy/Beautiful,67,Clem Purton,992811880-9,6,306,6.7,256
Ariel,783,Marin Stenet,627058619-4,11,247,2.9,14
"Swamp, The (Ciénaga, La)",3606,Dalila Peyton,914102684-5,8,544,3.9,311
"Vampir (Cuadecuc, vampir)",8,Vere Scurry,350748365-3,82431,792,8.4,53
Missing,96,Rab Maple,656447526-8,76,836,6.1,245
Rent-a-Cat,1632,Johnathon Limpenny,620367910-0,03883,382,9.5,323
Luther,351,Brianna Gooderick,576278642-0,076,769,3.8,420
"Wild Party, The",8,Yorgo Chalmers,459456043-1,89,890,7.9,310
Snake Eyes,856,Dewitt Rosberg,564829327-5,0,517,6.9,90
Finding Amanda,16182,Burnaby Chiverton,957713850-0,3,513,9.3,217
"Big Street, The",3877,Vania Molloy,935710843-2,25934,490,8.4,368
"10th Judicial Court: Judicial Hearings, The (10e chambre - Instants d'audience)",4563,Shana Turmall,093677163-1,92289,294,9.6,409
"Pleasure of Being Robbed, The",539,Jefferey Verbrugghen,664175955-5,4,358,8.0,462
"Crowd Roars, The",70444,Dion Keasey,041769044-4,394,236,4.4,32
'71,28280,Hayden Chamley,840673652-6,2,860,3.5,359
"Tale of Zatoichi, The (Zatôichi monogatari) (Zatôichi 1)",9389,Palm Anstee,067018503-5,83,727,3.5,198
"Young Unknowns, The",3,Goldarina Glover,659126701-8,1292,624,8.4,165
Killers,63,Shellysheldon Ladloe,469012549-X,81,243,5.6,227
Filming 'Othello',63,Lydia Rowlands,310609980-1,7028,125,6.2,54
Pan,5,Cori Peskett,858525074-7,0,761,7.3,186
Paheli,12,Brittaney Dysert,461308319-2,119,123,6.6,41
"Plaisir, Le",5,Jeannie Villalta,011186275-2,7,593,3.2,162
Warren Oates: Across the Border,683,Cortie Parell,656303836-0,21,498,9.8,57
Citadel,4507,Engracia Phaup,961074699-3,428,107,3.0,338
Tol'able David,2422,Reggie Mottram,972971895-4,60,969,3.9,176
Alois Nebel,8,Alaric McOnie,891039797-7,26,383,1.6,358
Ghost Son,103,Roselle Compson,161220262-4,785,256,7.7,376
"World of Henry Orient, The",8,Worthy Milverton,563915773-9,05809,353,3.7,128
Adjust Your Tracking,86,Kathryne Seegar,518220666-6,5424,448,6.4,127
Hedd Wyn,03226,Shirley Perryn,228198717-5,137,524,9.6,114
"Awakening, The",0,Claudio Gallichiccio,013255331-7,037,255,3.1,386
"Wolverine, The",40,Gwennie Giraudel,139816523-9,62,180,4.6,181
"Black Sleep, The",321,Ichabod Marchment,900989736-2,377,253,1.3,168
India Song,2676,Sapphire Diamant,076387354-3,55,522,8.2,377
Young & Wild (Joven y alocada),0,Nikoletta Cornelissen,162557618-8,25998,507,8.6,59
Sleeping Beauty,8,Sky Matusson,040084951-8,9969,634,5.5,482
"Puffy Chair, The",19266,Barron Denyukhin,501423276-0,8,895,2.3,283
Mum & Dad,0,Vale Armor,950829786-7,1262,341,4.9,464
"Border, The",8,Samuele Habbeshaw,961023854-8,5,804,6.8,362
Happy Together (a.k.a. Buenos Aires Affair) (Chun gwong cha sit),840,Mose Lamps,968224266-5,1,539,9.4,95
Kurt Cobain About a Son,742,Gardiner Duigenan,190582414-9,66722,75,4.6,455
The Adventures of Tom Thumb & Thumbelina,2,Onfroi Curr,377016337-0,735,811,4.3,229
"World Moves On, The",3,Piper Andriolli,005022743-2,39,701,4.6,230
Bitter Feast,623,Sebastian Peiro,806777563-X,481,419,6.6,211
"Osterman Weekend, The",64980,Munroe Gludor,207963594-8,809,968,4.5,47
Simon,68828,Lindon Bazeley,523625007-2,02564,380,9.5,377
Unbroken,96609,Moreen Propper,014882940-6,40199,636,7.8,33
Loose Change: Second Edition,24701,Sharlene Conn,004769453-X,8,996,3.8,121
I Knew It Was You: Rediscovering John Cazale,22440,Lou Biaggioli,622385720-9,312,209,2.6,33
"Yank in the R.A.F., A",83,Zebadiah Baroc,866270343-7,30,297,9.6,127
Amistad,7522,Filip Tutton,918959301-4,28,503,9.4,217
"Boys Diving, Honolulu",73171,Beverlee Bolliver,797010958-6,42507,453,2.7,322
"Masque of the Red Death, The",74,Avril Quantick,164432685-X,55,425,3.6,96
"Longest Yard, The",00,Abran de Wilde,157880406-X,56624,909,8.4,193
Brunet Will Call (Brunet wieczorowa pora),24,Phedra Gracewood,760117263-5,6,988,1.8,481
"Toxic Avenger, Part II, The",7859,Alasteir Darker,903294141-0,09121,651,3.6,119
Wieners,6872,Hill Siggee,503204486-5,9,148,8.1,343
Doubting Thomas,980,Vale McIlwain,157022321-1,589,781,3.5,484
Hellfighters,5524,Farah Kimbrough,028102019-1,685,412,1.5,64
Shallow Hal,77,Hannis Lanahan,733889207-5,79,238,8.8,51
"Deadly Companions, The",7,Florri Haugeh,870630896-1,6392,507,5.4,466
Louis C.K.: Live at the Beacon Theater,0,Estelle Edgington,091340695-3,11933,481,7.1,165
"Night at the Opera, A",68706,Toinette Cogan,018869904-X,178,964,1.4,258
"13th Letter, The",56,Annmaria Taig,588686452-0,11340,698,8.2,329
Holy Flame of the Martial World (Wu lin sheng huo jin),3458,Ardisj Trevillion,645364071-6,5,369,4.7,134
Kiss of Death,9993,Benson Nilges,922619769-5,129,853,1.1,476
Hell Drivers,466,Daphene Fender,533026849-4,4440,541,1.3,317
Peking Opera Blues (Do ma daan),3,Alwyn Fenwick,768179629-0,63,380,7.9,200
Fullmetal Alchemist the Movie: Conqueror of Shamballa (Gekijô-ban hagane no renkinjutsushi: Shanbara wo yuku mono),3665,Candida Anstiss,305185602-9,3101,925,4.7,241
Emma,181,Lisle Figure,946595432-2,0,982,9.4,345
"Natural, The",8,Pammie Leece,943233884-3,95,788,8.0,446
Star Trek V: The Final Frontier,0297,Adan Robberts,503468823-9,3,958,9.5,436
Poison Ivy II,262,Moises Hixson,476863529-6,54,649,3.2,252
"Company You Keep, The",17,Winifield Woolfoot,885099321-8,22,420,7.9,190
Armour of God (Long xiong hu di),9,Urbano Spurritt,592927090-2,940,598,7.2,184
How to Lose a Guy in 10 Days,60916,Mathias Eim,815988591-1,67,95,4.5,347
Left Behind II: Tribulation Force,7011,Christina Warder,902510261-1,462,886,9.5,66
Nowhere to Hide (Injeong sajeong bol geot eobtda),976,Monroe Assaf,099868898-3,82,995,1.1,251
Sorority Row,82325,Falito Barehead,915425077-3,9499,585,5.0,178
"Back to the Garden, Flower Power Comes Full Circle",43856,Amanda Cremer,690231619-8,1707,333,4.2,368
Here and There (Tamo i ovde),8047,Yehudi Phillott,528420042-X,51,571,1.9,262
"Nut Job, The",0331,Dud Bulbrook,863075515-6,478,779,7.8,407
Merrily We Live,2,Elisha Algy,690218878-5,15,504,5.5,165
American Roulette,8,Norean Andrewartha,186950921-8,9978,5,6.6,51
Around the Bend,384,Colline Piell,647744347-3,348,469,8.8,337
Final Destination 2,79871,Bert Barbera,927977528-6,56539,733,7.2,279
"Peach Thief, The (Kradetzat na praskovi)",232,Alberto Georg,700675172-1,875,707,9.1,406
All the Boys Love Mandy Lane,700,Krystal Hamlyn,268210244-1,1,339,9.9,101
Big Bad Wolves,94,Delmore MacGettigen,060822789-7,13,605,6.9,338
Raw Meat (Death Line),6,Archaimbaud Ring,298880758-2,9519,663,1.1,436
"Clink of Ice, The (a.k.a.: Sound of Ice Cubes, The) (Le bruit des glaçons)",9,Mattie Shilito,467424042-5,77,162,8.7,314
Contagion,58,Samson Morillas,010666936-2,84829,337,6.4,424
"Shaft, The (a.k.a. Down)",6,Mallory Ottewill,264601257-8,35,510,9.2,217
Martyrs,0,Elnar Gorrissen,716954611-6,07,384,8.8,400
"Métamorphose des cloportes, La",83,Rois Upwood,083772670-0,8,235,7.2,295
Some Girl,78,Kakalina Giannazzo,287004633-2,6162,707,7.6,97
"Best Intentions, The (Den goda viljan)",08,Yance Coraini,078718366-0,4,643,5.9,47
Wilder Napalm,1,Gideon Weth,599877538-4,9092,420,8.5,224
Stalag 17,370,Jazmin Kingsley,081013950-2,67,303,6.2,174
Idle Hands,15,Ilise Stienham,715285031-3,04125,109,9.0,215
Treasure Island,03,Kanya Gherardini,148025312-X,2,902,9.3,34
"Green Ray, The (Rayon vert, Le)",51801,Arda McGiff,409968649-3,49647,337,4.4,312
Deadly Outlaw: Rekka (a.k.a. Violent Fire) (Jitsuroku Andô Noboru kyôdô-den: Rekka),4095,Dougy Kapelhoff,910724069-4,4774,126,8.6,456
Rehearsals for Extinct Anatomies,38,Huberto Montgomery,683363189-1,07897,649,7.1,165
Redline,36,Emanuele Leppo,236397242-2,1147,374,1.4,66
Krrish,403,Josias Ghest,376117344-X,495,928,4.7,386
"Grifters, The",987,Lyn Alpes,750385281-X,73135,533,9.9,435
Daddy Day Care,05,Ringo Bazell,318336195-7,9,287,6.6,478
Cosmopolis,81,Koenraad Puttrell,080597273-0,421,372,7.3,340
Chandni Chowk to China,470,Mariellen Bowstead,891716358-0,98956,932,9.8,292
No Escape,88304,Adolpho Pengilley,594338243-7,10,166,5.4,28
"Color Purple, The",6,Robena Hablet,259881183-6,7861,451,9.5,315
That Old Feeling,69536,Yardley Devereux,855118525-X,0151,432,7.0,169
Ever After: A Cinderella Story,67,Leontine Klemencic,041820206-0,29305,561,3.4,86
Deranged,287,Daisey Pagitt,437555648-X,648,251,7.5,452
"Stolen Collection, (Skradziona kolekcja)",66492,Hanny Rivel,946379331-3,5389,17,3.7,428
Boys Life 2,7899,Ariana Brend,693960050-7,41797,796,4.3,468
Sophie Scholl: The Final Days (Sophie Scholl - Die letzten Tage),28910,Colan Di Biasi,168441040-1,0,166,5.5,166
The Eagle and the Hawk,37459,Alie Greatreax,581775904-7,429,506,2.8,106
Keeping Up with the Steins,42,Darryl Swaden,537569904-4,4,22,4.3,212
Paternity,678,Sher Greener,081224881-3,28285,199,9.9,46
Halloween,07909,Loralee Hobbert,597750498-5,22,174,5.4,354
"Wendell Baker Story, The",2,Paloma Letson,018578656-1,15152,7,5.1,181
Elephant Boy,75,Neill Buncombe,410672744-7,9,535,3.9,285
Balkan Spy (Balkanski spijun),77,Thibaud Croney,537444604-5,27380,60,4.9,77
Robinson Crusoe (Daniel Defoe's Robinson Crusoe),21,Delmar Inde,202411479-2,27,909,8.7,238
Night Train,67472,Audrye Sor,669588662-8,09268,64,5.3,480
Run of the Arrow,5,Korry Feldstern,675155536-9,66325,389,1.7,120
Lost Boys: The Thirst,06774,Rowan Galiero,279978332-5,41647,736,7.6,141
Beyond All Boundaries,8,Charlene McKniely,515967191-9,435,287,1.6,165
Troma's War ,654,Xenia Tremontana,749339307-9,3244,561,2.8,44
How to Seduce Difficult Women,8801,Angelle Maymand,262052505-5,16,165,1.1,383
F.I.S.T.,9,Claudius Hudson,119255029-3,7384,98,2.8,217
Queen of the Amazons,450,Frederico Hinsche,053644959-7,7,40,9.5,434
Night of the Running Man,358,Samaria Turmel,282205873-3,0465,4,1.3,84
Teknolust,0124,Marja Klageman,210374347-4,60305,392,8.7,173
"Principal, The",88,Rubia Dieton,191781877-7,2798,573,8.6,274
Tales of Manhattan,54,Leigha Hedan,777909275-5,334,21,4.5,291
Employee of the Month,8925,Luelle Hammor,492115764-2,4883,516,4.0,460
Pet Sematary II,2103,Phebe Kett,855608498-2,5834,805,4.7,290
Night of the Living Dorks,9,Linea Ching,433932740-9,02,939,8.8,476
Farce of the Penguins,9,Petronia Trimme,861848229-3,66,816,9.3,55
Edge of Madness,2,Orsa Havenhand,888704359-0,06946,736,7.5,90
Scary Movie 5 (Scary MoVie),5335,Tova Krauss,678695882-6,8867,796,3.4,299
"Longest Yard, The",9833,Hannah Daid,163762325-9,5400,590,6.8,147
Not Cool,6257,Rolfe Dighton,558433929-6,6,329,3.6,315
Peculiarities of the National Fishing (Osobennosti natsionalnoy rybalki),5324,Luise Klicher,365196692-5,85,611,4.8,185
Odette Toulemonde,9585,Desi Waller,867706638-1,702,539,8.7,253
"Man in the Moon, The",1085,Ludvig Grigoryov,797080891-3,91642,446,2.1,401
Papadopoulos & Sons,9687,My Chiswell,617295275-7,4331,268,2.5,250
Galician Caress (Of Clay),9694,Joey Carayol,183851140-7,3,912,9.9,435
"Women, The",98603,Duane Spiring,637355115-6,856,636,5.2,272
"Laterna, ftoheia kai garyfallo",1935,Gram Halburton,674023758-1,6760,210,7.6,433
"Firm, The",51716,Renata Spandley,915389276-3,91,101,8.5,49
Supermarket Woman (Sûpâ no onna),5432,Luther Duke,666585512-0,9311,779,3.9,236
Miss Castaway and the Island Girls,96056,Melesa Bonds,472707962-3,283,835,9.4,265
James Dean,08064,Malinde Swindles,149453468-1,259,819,7.9,480
Vesna va veloce,904,Humfrid Muirhead,790496301-9,126,61,9.5,118
We Are What We Are,532,Evelyn Venners,440063354-3,8,561,9.7,470
Sex: The Annabel Chong Story,92553,Fallon Gallacher,455546082-0,57,54,4.8,27
"Brothers Bloom, The",3255,Anabelle Schlag,292845970-7,2,199,3.7,45
Fed Up,3,Sigismond Aries,739201745-4,7465,409,4.5,200
Homicide,0851,Amitie McAw,819360851-8,2,452,4.4,65
Sydney White,11,Emlyn Bonwick,075958913-5,15352,876,8.6,81
"Good Job:  Stories of the FDNY, A",34,Fawnia Rodolfi,446603098-7,38516,721,5.1,370
Manhattan Melodrama,422,Rodolphe Carillo,871575609-2,4474,337,3.5,269
"Day Lincoln Was Shot, The",193,Onida Grahlmans,022862859-8,328,409,6.1,313
Fermat's Room (La habitación de Fermat),67,Kaiser West,893250687-6,41,104,8.2,386
Naked Blood: Megyaku (Nekeddo burâddo: Megyaku),8056,Malory Remington,468811172-X,2038,13,8.4,324
Record of a Tenement Gentleman (Nagaya shinshiroku),79449,Dino Barke,351301162-8,5,800,4.7,239
Every Man for Himself (Slow Motion) (Sauve qui peut (la vie)),84253,Feodor Toop,584084068-8,50541,910,6.7,33
Show Me,5,Adan Inett,697160596-9,82,847,1.7,308
"Giver, The",88239,Lucine McDell,557786445-3,9,269,5.1,75
The Empty Hours,10744,Albie Stobie,183467446-8,9650,570,1.3,273
Mala Noche,68763,Rorke Bischop,198530243-8,27,710,4.8,34
Abigail's Party,7,Decca Lafond,944045826-7,28975,346,3.2,355
Who's That Knocking at My Door?,20,Amalle Bollans,410933431-4,60732,63,2.8,365
"Little Mermaid 2: Return to the Sea, The",0661,Tonye Tilbrook,272640282-8,2695,700,10.0,479
Clown,295,Kanya Doohey,039521195-6,675,270,3.1,109
"Guys, The",5797,Gerti Shorrock,191903514-1,61,990,5.3,308
Sarah Silverman:  We Are Miracles,6797,Anabal Haydon,727281935-9,8,989,7.0,33
Home Alone 3,23,Sybille Bawme,074499968-5,9649,33,8.9,201
"Light Bulb Conspiracy, The",41,Boycey Hyam,600454953-3,79,790,7.4,130
Finding Neverland,519,Harmonia Mogra,286564729-3,905,346,3.9,125
"V.I.P.s, The",370,Malvin Daye,253668266-8,406,217,5.4,320
Texasville,273,Patsy Camois,801842887-5,253,85,4.6,78
"Great Santini, The",57754,Barney Gorler,999579451-9,3549,547,7.1,112
"Chinese Ghost Story II, A (Sien nui yau wan II yan gaan do)",3,Haven Champ,836852850-X,561,446,6.3,306
Tokyo.Sora,6529,Kimmy Wallbutton,179540529-5,84187,304,2.9,76
"Red Baron, The (Der rote Baron)",891,Jeanelle Blaes,123475698-6,89505,424,9.5,105
"Norte, the End of History",33,Geoff Plues,679766707-0,6019,139,4.3,289
"Cowboy Way, The",61333,Christan Yosifov,450590426-1,7282,985,8.5,244
"Negotiator, The",0580,Thaddeus Iannelli,560848792-3,56,304,1.1,225
You Are God (Jestes Bogiem),87,May Capewell,594843274-2,5733,210,6.2,294
Kenji Mizoguchi: The Life of a Film Director (Aru eiga-kantoku no shogai),8539,Jacquetta Lassells,080376441-3,0,672,4.6,299
"Grandview, U.S.A.",8258,Barbi Golsby,560991405-1,27037,457,4.4,478
"Face of Another, The (Tanin no kao)",29,Selinda Ogley,514923876-7,046,376,7.5,286
Wild Tales,72,Naomi Martensen,331012061-9,48767,371,4.6,41
"Ordet (Word, The)",1,Baldwin Kobierzycki,944148317-6,8,301,7.5,226
K-19: The Widowmaker,786,Ainslie Brood,383241626-9,13895,434,5.6,359
Something in the Wind,8,Hubert Waddington,384333387-4,40658,805,4.0,320
Little Boy Blue,1,Nikkie Hassen,988161231-4,5,770,2.0,319
Jet Li's Fearless (Huo Yuan Jia),44497,Cosme Yakolev,664147597-2,9,257,6.4,80
"Truth About Love, The",46,Flemming Cromley,352751807-X,42948,696,3.0,197
"Pleasure Party (Partie de plaisir, Une) (Piece of Pleasure, A)",21,Aguste Lambdean,993916528-5,0437,935,9.4,259
Babymother,5,Miranda Lamyman,832443740-1,67,807,1.9,264
Moonlight and Cactus,51,Viviyan Verrillo,014278791-4,9,52,9.8,63
The Wait,917,Bryana Falkinder,253176524-7,589,967,8.1,331
Final Destination 2,45,Terrie Greenhalgh,367287957-6,393,751,6.1,372
Young at Heart (a.k.a. Young@Heart),00,Elsey Segrave,745631294-X,288,578,2.4,373
Breaking the Rules,3,Estrellita Achurch,673748638-X,17,685,7.5,409
Border Feud,83127,Britteny Lagne,835572356-2,6137,25,2.2,265
Concussion,5874,Odelle Nordass,352577301-3,939,257,8.1,480
Never Ever! (Nigdy w zyciu!),0,Jasun McKnockiter,912673288-2,264,834,5.5,422
Blank City,33351,Rubi Kenway,660148859-3,9148,185,7.3,231
Batman,524,Wendi Gaynor,705050879-9,46,664,6.9,409
"Brother from Another Planet, The",42,Tiffani Lerer,797188755-8,955,459,6.3,481
Crazy Love (a.k.a. Love Is a Dog from Hell),085,King Robroe,271234418-9,59866,608,9.5,49
Beauty and the Beast,4723,Desiri Kerridge,020254617-9,04990,792,5.2,390
Ca$h,5658,Harmony Levens,111521939-1,033,369,2.3,175
"Thick-Walled Room, The (Kabe atsuki heya)",923,Juliann Patching,285410469-2,25,542,1.8,190
"Last Lions, The",01300,Burty Abelevitz,609437135-6,2524,575,1.0,239
Two Men in Manhattan (Deux hommes dans Manhattan),3,Wilhelmine Rogeon,312578178-7,84421,921,5.2,370
A Fight For,2,Gilberto Aylesbury,082370023-2,00927,798,8.3,103
Must Love Dogs,91,Carol Haggerwood,243547986-7,9176,31,2.8,197
Russia 88,307,Winna Danhel,514341301-X,9,942,3.6,144
The Hound of the Baskervilles,645,Nilson Dougherty,390477419-0,69,471,3.3,496
Dr. Dolittle: Tail to the Chief,63,Herb MacCombe,458825720-X,1,81,4.8,443
"Koruto wa ore no pasupooto (Colt Is My Passport, A)",405,Netty Furbank,634732014-2,88,260,1.8,72
Bey Yaar,053,Trixi Cheltnam,334357735-9,41,259,8.6,290
Fellini's Roma (Roma),310,Whitby Cuncliffe,050468545-7,9085,671,1.9,455
Suspended Animation,04225,Elfie Rockwill,144576220-X,02796,798,6.9,281
Murders in the Zoo,1,Martguerita Adamovsky,567913771-2,13,583,9.1,224
Rasen,3,Dee dee Ehrat,690003653-8,74,684,1.5,96
Magic Camp,65974,Dorie Waplington,899722307-0,9724,865,3.3,95
Beasts of the Southern Wild,31,Early McKeefry,279286045-6,3,156,5.6,365
"Border, The",63679,Abbott Patley,374446474-1,0080,815,3.9,414
"Big Wedding, The",6,Johannah Chalfant,425673160-1,30,689,6.5,470
"Story of Yonosuke, A (Yokomichi Yonosuke)",489,Ephrem Quakley,759461175-6,42,140,1.1,178
Ernest Saves Christmas,3,Thaine Cicerone,533473494-5,28,312,4.3,243
Kaho Naa... Pyaar Hai,8227,Hilda Pleven,185214382-7,1999,36,9.0,379
Picture This,62653,Simona Zettler,995779102-8,3902,11,4.3,422
"Prince of Tides, The",96281,Maggy Hawgood,031137903-6,9092,713,2.1,53
Charlie St. Cloud,98742,Ive Schach,882951348-2,798,285,2.7,78
Best Men,26,Jess Cahill,610103651-0,886,624,1.5,293
Miss Bala,4444,Aila Athy,331480798-8,48,709,8.4,111
Letting Go of God,588,Gypsy McNern,246604304-1,68,568,8.9,402
"Dust of Time, The",0390,Jeromy Kampshell,572012258-3,100,141,5.0,381
"All Dogs Christmas Carol, An",4,Ricard Southerell,343817511-8,041,593,3.6,304
"Buona Sera, Mrs. Campbell",43,Misti Pund,254334984-7,303,469,2.2,45
Farewell (L'affaire Farewell),28,Finlay Bundy,883422174-5,04717,656,4.9,112
Lightning in a Bottle,3,Kevin Ivamy,596170108-5,5,397,9.5,253
Mr. Moto in Danger Island,2625,Tobe Ajam,320305339-X,9,643,6.8,239
Warrendale,947,Alli Batterbee,931956154-0,4,771,4.8,490
See How They Fall (Regarde les hommes tomber),881,Glenine Hoodspeth,696166078-9,937,25,5.9,84
Vampire Journals,94,Nobie Godain,155766719-5,486,639,7.8,80
Storm Over Asia (Potomok Chingis-Khana),017,Selig Banham,416843802-3,16,184,7.7,143
Remorques (Stormy Waters),75,Averill Linsay,871071061-2,19,402,3.4,448
One Piece Film: Strong World,18607,Vivian Wickrath,812315160-8,73,957,10.0,349
Trader Games (Krach),936,Gideon MacBarron,658299650-9,654,163,9.5,21
Beautiful Joe,0,Zacharia Hutchinson,926876735-X,977,388,5.5,179
Haxan: Witchcraft Through the Ages (a.k.a. The Witches),716,Thorpe Dickson,636873182-6,37,265,2.5,4
Sketches of Frank Gehry,26,Brandy Manilow,235427668-0,213,326,2.6,411
Unfaithful,7126,Humphrey Redley,024492140-7,64,979,1.0,232
"Ah, Wilderness!",3895,Edithe Fontin,234022022-X,969,203,6.2,414
Mentiras y gordas,10,Colene Haisell,242259139-6,54,566,6.0,52
East Palace West Palace (Dong gong xi gong),92,Shaw Champ,116253929-1,90459,23,3.6,355
Blackthorn,0,Kassey Dahlen,314388757-5,12161,69,6.9,325
X-Men,30,Babette Carik,631227733-X,76,948,5.9,462
"Castle of Cloads, The (Pilvilinna)",6,Nani Gagin,562349475-7,22103,564,4.7,82
My Boyfriends' Dogs,4929,Alfons Illingsworth,789256871-9,68,373,2.7,22
Eden of the East the Movie I: The King of Eden (Higashi no Eden Gekijoban),2008,Cosetta Northleigh,160075505-4,527,196,5.5,109
Frida,366,Robbi Hoffman,774384856-6,5146,816,1.5,377
God Save the King,479,Gregorius Wannop,765212031-4,8028,792,2.2,330
"Big Circus, The",1316,Chrissy Chateau,989753910-7,3415,312,4.7,426
"Gingerbread Man, The",4,Mathian Fevier,799772179-7,24070,411,4.7,228
The Underneath,8730,Elyn Skea,519284208-5,66,762,4.7,491
Decision Before Dawn,932,Cora Gianiello,002324765-7,767,882,3.1,265
August Evening,0,Maire Sprowell,808989118-7,42224,707,2.1,469
Battlestar Galactica: The Plan,095,Priscella Flexman,059250530-8,3860,453,8.9,139
Power Play,328,Roth Colkett,868338913-8,057,513,5.7,348
Lonelyhearts,6,Job Klaves,776282479-0,6,909,9.9,303
Body Heat,09,Flory Birdfield,834300167-2,33170,615,8.7,46
Wise Guys,4,Sauveur Pedro,079508697-0,55,789,3.3,46
Three Colors: Red (Trois couleurs: Rouge),4412,Arlee Borley,194500274-3,4523,825,6.7,218
"It's the Easter Beagle, Charlie Brown!",64,Giralda Minthorpe,573348760-7,3,52,8.3,147
Deceiver,22,Sibyl Pennick,789027424-6,63,647,3.8,288
Best of the Best 3: No Turning Back,599,Daile Pothbury,223285667-4,8320,277,9.6,84
"Singer, The (Quand j'étais chanteur)",904,Arlen Sabie,183937667-8,33223,280,4.5,135
One Man Up (L'uomo in più),02225,Josy Tigwell,415579712-7,189,648,1.4,500
What Did the Lady Forget? (Shukujo wa nani o wasureta ka) ,0244,Palmer Esser,997707360-0,28,609,7.1,264
Love Sick (Legaturi bolnavicioase),548,Rhianon Gopsill,884769623-2,5,723,4.3,323
"Little Rascals, The",534,Clayson Sollam,427360845-6,3272,547,9.5,225
History of the World: Part I,059,Ephrem Tincknell,133508534-3,924,913,1.8,419
Abandon,706,Fidela Quartley,028800201-6,97,636,3.1,32
Trinity and Beyond,99,Salvador Woollaston,668778680-6,7,421,5.5,173
Glenn Killing på Berns,65,Francisco Coxhead,931814862-3,5,123,8.0,240
Alien Nation: Dark Horizon,40,Knox Scarr,637430107-2,07302,563,8.9,317
Cries and Whispers (Viskningar och rop),65,Ozzy Buffey,826177494-5,1018,581,8.5,1
Mike Bassett: England Manager,76,Janice MacGiolla,498245807-3,3357,953,1.5,38
"Docks of New York, The",00,Michaelina Brigstock,784656580-X,43169,649,6.9,393
In the Mouth of Madness,16273,Angel Sullivan,913840970-4,244,56,7.4,225
"Wackness, The",157,Angelique Djurkovic,017709490-7,0,416,3.2,408
Miranda,899,Kain Ragdale,297281446-0,93,862,2.2,170
"Many Adventures of Winnie the Pooh, The",8,Ansley Scading,699366104-7,12336,547,1.8,319
"Mahabharata, The",1031,Bernardina Ojeda,355349144-2,97,977,8.9,206
"James Dean Story, The",433,Jonis Barnes,877275900-3,7,87,8.2,83
Mr. Brooks,11,Lenard Tomasz,059520486-4,8,165,4.5,108
"Zone, The (La Zona)",041,Witty Raunds,668531488-5,25875,118,5.4,88
Lauderdale (a.k.a. Spring Break USA) (a.k.a. Spring Fever USA),00,Anastasia Heavy,850490550-0,2,563,2.1,413
Flower Drum Song,3665,Marius Ricardon,378593191-3,64267,843,7.3,217
Jiminy Glick in La La Wood,82842,Stephi Bamell,369014682-8,1,385,1.9,51
Camp Hell,82,Valentina Skillington,605597988-8,4,448,5.8,227
Bullet in the Head,0486,Heath Checcuzzi,542559337-6,56,67,9.8,117
And While We Were Here,283,Susette Stroton,279568041-6,747,137,6.1,103
With Six You Get Eggroll,12299,Kiersten Rosnau,470555202-4,54,646,8.2,329
"Day of the Beast, The (Día de la Bestia, El)",13554,Barris Rulf,830868299-5,36110,834,2.5,389
They Won't Forget,72936,Geoffrey Sherrock,462632049-X,99437,985,6.3,355
Ocho apellidos vascos,207,Charity Aldhouse,798363398-X,522,84,9.5,121
Viva Villa!,940,Regan Cashen,148127654-9,914,812,9.5,138
Bigfoot Lives,3,Chelsea Twinterman,218845727-7,4825,763,5.9,290
"4th Man, The (Fourth Man, The) (Vierde man, De)",44723,Noami Camosso,400882146-5,24399,624,8.4,361
"Cat Concerto, The",21,Gisela Darwent,040892262-1,811,706,9.7,190
Nanking,3,Nevsa Werndley,445156989-3,1,337,8.9,297
Deep End,9,Elaine Twelvetrees,241253318-0,33760,310,7.1,457
Women in Love,3,Whitney Greenless,609528895-9,8262,641,4.2,121
"Front Line, The (Go-ji-jeon)",9,Darci Robinet,977347462-3,41,440,5.2,495
"Reality of Love, The (I Want to Marry Ryan Banks)",43164,Nero Debrett,097525182-1,08,116,3.8,92
"Glass House, The",4993,Anna Outlaw,405506244-3,328,748,1.4,300
Slacker,6,Adi Prangle,098375830-1,0646,109,9.2,174
Devil Doll,30,Carney Alen,292360657-4,310,627,5.2,150
"Hole, The",6064,Ashlie Tuxell,618154717-7,44941,727,8.0,210
Chinese Coffee,27,Nicole Dunphie,923082262-0,7879,761,1.6,457
"Visiteurs du soir, Les (Devil's Envoys, The)",98,Bronson Kilgallen,744645473-3,1013,920,2.0,374
Passion Flower,40699,Devlen Ferns,291863513-8,77,796,4.8,226
Vinyl,20845,Bob Fenty,656613450-6,5,737,3.4,77
Decoder,03740,Chester Haitlie,751547680-X,4111,602,7.9,326
"Turin Horse, The (A Torinói ló)",8850,Blithe Quin,608080882-X,61,984,5.5,150
"Swan and the Wanderer, The (Kulkuri ja joutsen)",77651,Lynette Matzaitis,037387186-4,9,353,5.9,187
"Peanut Butter Solution, The",841,Jasper McGennis,590588372-6,048,183,1.7,317
Catfish in Black Bean Sauce,20,Maisey Webland,399119129-6,08645,879,9.2,451
Romanzo Criminale,35,Peter Pietersen,208973760-3,16937,750,4.0,264
The Incident,278,Flori Patesel,191075051-4,44241,635,4.2,118
"Ah, Wilderness!",5108,Leon Beert,727666457-0,688,781,4.2,155
"End of America, The",32,Alicia Gheraldi,520722006-3,07166,454,3.8,207
"Bostonians, The",691,Harli Goodbarr,867840387-X,84,812,6.7,203
Miss Julie,9,Pietrek Furmenger,874049364-4,6164,659,7.7,275
"League of Their Own, A",64342,Bron Lurriman,544469539-1,97,136,6.5,463
Anna and the King of Siam,71174,Shanan Drakes,208832537-9,57448,332,5.9,487
Xtro,7,Vanna Collibear,583409094-X,04469,321,4.7,325
Blood Shot,0,Lulita Idle,455873510-3,519,635,5.9,451
The Big Flame,1081,Cash Sirkett,003489738-0,27,525,2.1,143
"Atomic States of America, The",2,Salomone Moxsom,806214293-0,5,696,5.3,28
All American Chump,3812,Lynde Gallahue,122543781-4,6302,187,4.9,437
Christmas Story (Joulutarina),33768,Mikel Tillyer,327571928-9,1,133,1.9,153
"Motivation, The",80861,Star Arons,621584345-8,7,564,2.9,21
Thirst (Bakjwi),5893,Marys Sillick,220231322-2,07,38,7.6,21
Diary of a Country Priest (Journal d'un curé de campagne),5,Errick Williscroft,999153149-1,7662,801,2.6,345
Black Christmas,9,Carlita Bittleson,624016608-1,31,852,7.2,314
"Fish Called Wanda, A",76835,Osmund Gudger,530923828-X,24034,588,3.2,398
Gamera: The Giant Monster (Daikaijû Gamera),99812,Donica Sandom,752293806-6,6738,614,9.0,68
Harry Brown,6,Averyl Ewart,299658285-3,31120,325,2.3,417
Leaves of Grass,65,Wynn Coldridge,931414666-9,7,744,3.5,61
Come Dance with Me!,617,Inglis Gruby,904249388-7,39,32,4.4,203
"Sin of Madelon Claudet, The",232,Shoshana Steaning,180760008-4,056,512,4.1,104
Hôtel du Nord,0,Krissy Knewstub,562111110-9,9,336,2.4,84
The Chatterley Affair,6,Joyann Wrangle,027317490-8,08,817,3.0,422
"Godless Girl, The",61603,Tremaine Lawie,953408616-9,27958,131,1.7,176
Kaksparsh,98599,Allys Djurevic,680790662-5,56,320,8.5,206
Catwalk,540,Vonni Gatenby,786899584-X,2719,406,6.3,449
"Skylab, Le",119,Cairistiona Garvagh,657498845-4,8,224,4.7,314
Knight of Cups,4821,Dominik Penas,744803954-7,1,443,2.2,292
Unfinished Business,34,Lizbeth Mattack,585339274-3,85,91,8.8,436
Slasher,99742,Mateo Huscroft,341104728-3,3,85,8.2,161
Strike (Stachka),11,Hagen Brilleman,653458694-0,9,887,1.2,374
Kings of Recycling (Kierrätyksen kuninkaat),8,Broddy Lowndesbrough,126637106-0,86,878,5.2,468
Mother and Child,991,Camey Casari,444240979-X,79,624,2.6,71
"Day at the Races, A",6,Francois Clineck,052008993-6,56,497,6.7,98
Remonstrance,46651,Christyna Hoyte,388587483-0,03,584,4.4,149
Van Helsing,27334,Skye Goodie,329634505-1,5086,581,6.1,9
Dodgeball: A True Underdog Story,83053,Isabelita Horribine,137049206-5,9,412,5.0,314
Clean and Sober,1,Lynn Landa,718330740-9,82374,195,5.6,275
"Wild Wild West Revisited, The",61803,Kari MacGraith,793059630-3,9895,220,9.2,215
Pavilion of Women,7197,Maddy Scrauniage,024741131-0,1637,906,6.4,171
Gone in 60 Seconds,53562,Donni Paffley,197830660-1,5,649,4.3,457
Survival Island (Three),1,Caril Maylam,873162630-0,8397,103,7.3,417
"Raisin in the Sun, A",91,Derby Wolvey,394439586-7,2,998,8.9,232
"Great Gabbo, The",5342,Glen Jochen,250351807-9,7330,488,3.0,201
My Old Lady,27925,Beatriz Lurcock,955136886-X,3,296,7.6,398
America's Sweethearts,1487,Skyler Gutowski,952696316-4,49546,602,7.0,78
"Song Is Born, A",02612,Cortie Kadar,555616605-6,3324,685,8.4,243
"Deadly Spawn, The",10,Juliane Flatman,172782363-X,2355,188,1.8,324
"Only Son, The (Hitori musuko)",97240,Kally Fairman,039893041-4,43,196,8.4,15
Five Weeks in a Balloon,452,Felicle Hinken,314964758-4,5,826,4.1,201
"War Game, The",9,Ellie Gossage,884467033-X,9,126,10.0,329
"Misérables, Les",697,Chevalier Jewkes,596386749-5,449,260,5.0,234
Asylum,1876,Ellswerth Bentinck,406760923-X,97,530,3.4,146
Movie Movie,693,Lynett Mechic,595109924-2,4188,820,5.6,412
The Testimony,394,Kelcie Tuson,154032022-7,34095,545,6.7,34
Kites,5,Gabe Lindley,925586354-1,495,567,7.2,137
Trail of the Screaming Forehead,9956,Sigvard Tomkiss,288742218-9,13682,17,5.1,246
FBI: Frikis buscan incordiar,522,Krysta Loughren,394336100-4,55417,992,9.5,328
Welcome to the Rileys,90,Phedra Mindenhall,379178060-3,5123,84,7.0,348
"White Hell of Pitz Palu, The (Die weiße Hölle vom Piz Palü) ",9,Tasha Le feuvre,836100893-4,2643,543,7.6,437
Sunday,402,Farah Feld,387922821-3,146,386,2.9,33
This Is Elvis,9,Malinde Sancto,192845897-1,82,386,8.7,456
"Right Stuff, The",771,Gaile Khomin,768534997-3,364,18,5.6,173
Breathless,521,Gearard Rookwell,784963206-0,713,983,1.3,364
Striking Distance,56,Blaire Watkiss,878212422-1,25207,368,8.8,370
Strip Nude for Your Killer (Nude per l'assassino),96560,Tedman Muckleston,244263682-4,9,23,9.0,249
Rudy,1,Amandi Rodd,060508446-7,8,879,7.7,25
Merry Madagascar,04,Helsa Straffon,657765390-9,0,43,8.0,494
"Punk Syndrome, The (Kovasikajuttu)",469,Edith Berget,750098803-6,25430,476,6.2,228
Animated Motion: Part 5,0037,Grant Crafter,102958484-2,4348,734,9.7,283
Pearl Jam: Immagine in Cornice - Live in Italy 2006,2,Sherline Vellden,773316512-1,8404,770,9.8,226
Communion,3268,Anstice Gritskov,160108671-7,18440,403,8.7,130
Boundin',3276,Gilly Bloomfield,955664330-3,7,240,7.0,297
Ragnarok,80328,Galen Huitt,534550928-X,68,122,1.4,352
Suicide Room,3,Norma Germann,429000130-0,3,877,2.2,294
A Walk in the Old City of Warsaw,55,Lorette Buchett,322697665-6,64,578,9.2,270
Bajo la Sal (Under the Salt),49,Klarika Botten,688039361-6,810,867,4.7,311
It Started in Naples,78,Brewer Goolden,951473259-6,2689,164,9.9,77
"Silver Chalice, The",3,Kaylil Harpham,633869778-6,00,966,7.8,429
Night Flight,0,Webster Zapata,592311128-4,86,844,9.7,295
Champagne,80496,Leanna Loukes,727425834-6,5658,212,4.0,354
Interview with a Hitman,570,Ted Heinssen,475174191-8,5600,967,3.2,347
"Men Who Stare at Goats, The",636,Briano Carrington,800454776-1,24,845,8.0,474
Lock Up,49917,Thorpe Sellack,361912811-1,5490,124,6.0,307
Minnie and Moskowitz,2,Lothario Bantick,945893158-4,046,420,2.2,324
"Karate Kid, Part III, The",7,Alidia Lobe,371757385-3,0725,69,6.7,140
One A.M.,3,Raychel Lerigo,211311994-3,42,233,9.0,366
Night of Dark Shadows,41303,Robina Serjeantson,227696877-X,9,753,2.1,74
Faithful,9122,Uta Hornung,554196987-5,32164,775,3.0,184
Leonard Part 6,6446,Annissa Hewins,604793017-4,4,422,9.2,73
Suzy,3,Clemmie La Rosa,760484272-0,8981,135,2.1,327
Moonlight and Valentino,976,Ulises Fawcett,658466707-3,589,219,8.4,173
Fire and Ice,02189,Neda Ive,995945788-5,3981,641,9.5,27
A Walk in the Old City of Warsaw,7,Roscoe Maneylaws,194699509-6,7,227,4.6,24
Progression,957,Ravid Margetts,284855873-3,4153,564,7.8,413
It's Such a Beautiful Day,58,Twyla Rosbotham,479183049-0,56954,817,7.8,152
Trek Nation,84776,Rhianon Dellenbroker,179811941-2,9891,392,2.8,40
Love Field,5308,Eddy Lorking,476646280-7,3,892,8.6,215
"Rocker, The",9447,Dierdre Ladbrook,792495371-X,5,508,1.6,161
Hellfighters,79862,Miriam Frow,060160698-1,3791,167,9.5,35
"Joy Luck Club, The",2,Charlot Crabb,299350464-9,94,64,3.4,167
We Steal Secrets: The Story of WikiLeaks,7438,Pierre Ohrtmann,695064667-4,8883,972,2.6,372
"Lost Reels of Pancho Villa, The (Los rollos perdidos de Pancho Villa)",529,Abram Hollows,844548767-1,18,467,1.1,340
Babylon 5: In the Beginning,5,Eliza De Hooge,851835403-X,853,980,5.4,227
To the Shores of Tripoli,2,Maurice Fitchell,698873800-2,3,851,4.9,372
Better Luck Tomorrow,04590,Shirline Stubbes,632454792-2,57,629,3.7,400
Snow on Tha Bluff,1781,Redford Sturror,811041701-9,1878,161,4.9,236
Yuki & Nina,619,Amie Carleton,166764256-1,11964,438,6.5,470
"Big Heat, The",79903,Elysha Lisett,943241556-2,32,518,2.0,170
Spend It All,857,Towny Fawks,535253355-7,369,215,9.9,270
Slacker,05,Lena Rawcliff,602405791-1,20252,29,1.7,352
Team America: World Police,7,Cyrillus Batchelar,701763317-2,396,465,4.8,196
"Day's Pleasure, A (Ford Story, A)",3,Saxe Arnald,417381623-5,35,325,5.4,142
"Deer Hunter, The",8397,Valene Pietzke,534379562-5,7047,682,6.6,463
War Witch (Rebelle),52,Fletch Downie,716324255-7,15,287,7.1,177
Captive Heart: The James Mink Story,77221,Collin Dwyr,479928124-0,002,2,2.0,276
Monty Python's The Meaning of Life,1265,Barthel Camerello,104637684-5,9075,649,3.4,472
Century,39727,Mufi Grewar,604106448-3,902,44,3.5,307
Belles on Their Toes,19304,Cristal Kivelhan,933787958-1,391,49,7.9,9
"April Fools, The",4891,Pauly Spellacey,873900341-8,16114,81,4.0,145
Machine Gun McCain (Gli intoccabili),0136,Natale Jeandeau,635050302-3,32185,813,8.4,305
Steal This Movie!,3,Cori Strute,243741433-9,104,14,7.4,19
Ocean's Thirteen,4,Danya Beals,873676365-9,6,65,5.1,206
Everyday Sunshine:  The Story of Fishbone,51743,Hartwell Matous,017379669-9,48865,404,4.2,161
"Importance of Being Earnest, The",63566,Pattin Thirtle,003021870-5,4747,734,7.5,21
Final Destination 2,380,Emmie Tonkes,325805774-5,195,110,4.5,105
"Other Side of Midnight, The",8382,Brod Tribell,797090582-X,08879,357,2.2,345
Reign Over Me,5188,Gearard Duffitt,000896542-0,47,775,5.1,286
Breaker! Breaker!,382,Valry Bach,520788057-8,83,923,3.8,447
Scorpio Rising,1,Arley Brahan,420470247-3,9494,664,9.7,342
Perfumed Nightmare,66928,Zita Telezhkin,506375725-1,5,104,6.4,300
Baby Geniuses,32,Catina Deveraux,706868647-8,793,820,7.0,379
"Party, The",82627,Marcello Normand,629444521-3,63,345,1.9,360
Helter Skelter,031,Maryann Stobbie,588734863-1,19,497,6.2,172
Breaking News (Daai si gin),76,Madelin Brymner,620772678-2,673,507,6.0,40
Contagion / Bio Slime,0,Gregorio Haslehurst,454053032-1,2,646,8.8,390
Twist of Faith,085,Neale Alloisi,327422805-2,01715,51,1.4,432
"I Love You, Beth Cooper",1,Granny Reinbech,553291218-1,0,69,8.8,311
Hop,574,Iggy Mathy,157204632-5,01,907,4.8,192
Girl of Finland (Lapualaismorsian),8019,Adaline Schimaschke,432096038-6,559,429,6.3,222
"Return of Don Camillo, The (Retour de Don Camillo, Le)",510,Jackqueline Jagels,194834030-5,1147,26,5.7,44
Before the Rain (Pred dozhdot),5536,Onfroi Draude,178069044-4,64185,563,4.7,327
Judge Dredd,11594,Frayda Muge,697838592-1,685,79,6.2,407
Mr. Magorium's Wonder Emporium,816,Vilhelmina Lakin,448194847-7,73,480,3.6,154
"My Father the Hero (Mon père, ce héros.)",1,Nehemiah Bartoszewicz,266481501-6,1,21,3.6,289
Human Trafficking,06579,Heath Molloy,763788727-8,746,126,5.9,278
Slim Susie (Smala Sussie),01,Dun Zum Felde,239233748-9,1,117,9.8,352
"Animatrix, The",4,Griselda Benmore,721516042-4,777,977,3.0,139
"Last Rites of Joe May, The",8,Arlin Kelly,650575288-9,889,896,2.0,363
Lady Dragon,61,Corey Purkiss,077655613-4,2975,978,6.7,400
"Safety of Objects, The",5,Alistair Iacivelli,230780319-X,0,512,1.8,18
Sherlock Holmes: A Game of Shadows,60,Esther Crighton,805584532-8,6,374,9.9,411
Guns of the Magnificent Seven,223,Sayre Bottle,175683286-2,73036,451,7.2,167
Free Willy 3: The Rescue,483,Hill Balfre,119339261-6,2,519,4.8,140
Victory (a.k.a. Escape to Victory),952,Abran Avramovic,965548521-8,3,65,4.2,447
Naan Kadavul,0199,Engelbert Ciabatteri,263383940-1,9197,358,2.8,423
Bertie and Elizabeth,27156,Hally Chadwell,082903739-X,448,608,1.5,499
Cannibal Holocaust,271,Rodolph Dooney,417211965-4,89,38,5.1,329
Gable: The King Remembered,94742,Nicoline Milam,815058106-5,17,71,9.6,497
Frownland,7257,Nelia Celle,702597795-0,28,310,3.8,380
9 Songs,4163,Blaine Allworthy,060995370-2,319,117,5.9,96
Sheena,946,Currey Maffini,861864825-6,2,961,8.9,168
Five Angles on Murder,445,Caritta Cuell,607713377-9,824,765,8.0,274
Certified Copy (Copie conforme),60723,Allie Scarlan,840274600-4,8,310,2.5,107
Sophia de Mello Breyner Andresen,287,Thorny Barnsdale,096157369-4,9619,752,5.5,474
"Married Couple, A",99367,Maurizia Tebbut,750182366-9,49520,456,6.8,82
"Samaritan, The",36202,Konstance Owens,285141693-6,2,729,5.9,209
If I Stay,37,Ardeen Frowde,659672962-1,55609,782,9.4,363
"My Son, My Son, What Have Ye Done",8292,Cherie Reay,334235716-9,464,114,3.8,20
"Cook the Thief His Wife & Her Lover, The",4834,Nicolais Elfitt,940860264-1,49,487,7.4,334
Ali,67,Madeleine Palumbo,068391139-2,3152,562,8.4,189
Wallace & Gromit: The Best of Aardman Animation,430,Bron Gonoude,417516870-2,887,763,9.0,237
"Wild Thornberrys Movie, The",649,Michaelina Skillern,484271906-0,18062,14,3.8,202
Cambridge Spies,6002,Layla Liggons,764137670-3,070,315,1.2,242
Jay and Silent Bob Strike Back,78,Clerc McLernon,249781442-2,79,25,6.3,80
Zombieland,867,Clemmy Work,004289638-X,7198,7,6.7,168
"Adventures of Food Boy, The (aka High School Superhero)",98,Reid Bandy,015347406-8,59,620,1.2,180
"Holcroft Covenant, The",6450,Teodora Gingel,598685991-X,18119,516,5.0,362
"Mermaid, The (Rusalka)",22,Brand Kerley,649242053-5,474,660,7.6,286
Black Moon Rising,00,Dulci Taye,497574795-2,53164,933,6.0,367
Salvage,04129,Gran Baddam,268461760-0,2,283,1.6,312
Hachiko: A Dog's Story (a.k.a. Hachi: A Dog's Tale),460,Cully Nerheny,116415657-8,810,953,6.1,96
Four Sons,7821,Orly Gotthard,150992941-X,81,370,7.7,128
I Still Know What You Did Last Summer,9772,Terry Castagnier,004918048-7,12154,617,2.3,224
"Dead, The",1,Robin Skamal,665142630-3,61383,359,1.1,79
Beverly Hills Cop,2,Zaria Ashington,572790173-1,574,208,9.2,261
Happy Ever Afters,28,Lorinda Addington,350495095-1,44054,824,6.3,194
"Plastic Age, The",8826,Jorgan Kopelman,906633060-0,8,139,4.6,393
Penthouse North,593,Patrick Ortler,669628463-X,593,800,9.6,345
Anne Frank Remembered,25,Torr Bette,102542353-4,7864,697,1.8,345
Relentless,22,Orelle Shingles,470601033-0,65,215,5.2,450
Blue in the Face,2,Clareta Spriggin,502704666-9,8379,56,7.5,233
Deadly Surveillance,36313,Claudell Riddler,469463281-7,243,947,6.4,422
Hitch,9692,Yoshiko Ditchett,004167085-X,346,958,6.3,201
Min så kallade pappa,06534,Danna Bunnell,223787048-9,990,13,4.5,115
"Waiting Room, The",914,Nollie Cannell,079781483-3,228,654,1.7,478
Gosford Park,4405,Sherwin Pasfield,442114358-8,25657,918,5.9,125
Is Anybody There?,4,Kipp Sharpling,944531965-6,568,430,7.8,114
Z.P.G.,9415,Balduin McCloch,744844519-7,3621,780,1.5,441
"Unholy Three, The",721,Jacqueline Kolyagin,701691898-X,41047,941,8.0,94
"Complete History of My Sexual Failures, A",209,Tommie Jee,985940441-0,24,664,9.9,454
My Left Foot,197,Joyann Ragge,070324017-X,67,621,4.8,411
Kingpin,9255,Gonzales Gonsalvo,347175822-4,54,412,5.2,464
Crime After Crime,7,Silvan Loachhead,067983413-3,1,544,6.2,399
"Householder, The (Gharbar)",8820,Carolus Hartlebury,868555903-0,79,737,3.5,234
Don't Tempt Me (Sin noticias de Dios),1,Ulberto Fuggles,279157460-3,351,729,8.3,263
Dragon Ball Z: Wrath of the Dragon (Doragon bôru Z 13: Ryûken bakuhatsu!! Gokû ga yaraneba dare ga yaru),68135,Dalston Camsey,204043115-2,12,854,1.3,288
"No Blood Relation (Stepchild, The) (Nasanunaka)",8,Kevin Dobrovolski,583803299-5,98,950,8.9,17
Drunken Tai Chi (Siu taai gik),1,Seamus Debling,632238863-0,8854,945,9.5,38
The Chatterley Affair,0,Carline Noyes,907659996-3,9444,166,4.8,402
Pokémon 3: The Movie,272,Nell Cuxon,937529234-7,1834,84,2.3,424
"Starving Games, The",4761,Cortney Lattos,057394790-2,70,467,8.8,68
Race,7,Gertrud Eglington,794631178-8,6,826,2.4,252
Madison Avenue,2737,Crin Fenimore,392465913-3,97149,931,7.5,34
Legend of the Eight Samurai (Satomi hakken-den),8,Zelig Iggulden,051962296-0,09639,62,9.1,349
Ice Age: Dawn of the Dinosaurs,9,Horten Dourin,056838351-6,321,253,8.5,210
Ten Inch Hero,7890,Marti South,701555599-9,3,638,4.7,437
Donkey Hide (Oslinaya shkura),33680,Garnet Boxhall,051807724-1,3380,512,5.0,265
Jesus Christ Superstar,79,Ryan McAree,589312171-6,97413,631,2.0,409
Drive Thru,84994,Eleanora Bilston,133168271-1,95,409,5.2,202
Behind Enemy Lines II: Axis of Evil,80,Any Brunicke,080163841-0,1810,67,3.1,362
"Gods Must Be Crazy, The",19508,Hube Atwill,248523568-6,49193,929,4.7,133
Boys,08005,Nancy McGhee,258615178-X,5,129,2.8,404
#chicagoGirl: The Social Network Takes on a Dictator,98052,Ali Dorrance,236962262-8,71,276,4.9,419
Poor Little Rich Girl,54,Annissa Boyce,594681220-3,43771,822,2.9,77
Familiar Ground,76743,Farleigh Averies,048092255-1,37,241,6.3,409
Seraphim Falls,49,Arlen Pollins,048367028-6,645,379,3.7,37
Venus Boyz,870,Lodovico McFeat,584268926-X,38,649,5.0,111
From the Journals of Jean Seberg,62567,Klara Gooding,067885417-3,7,414,2.2,99
Far Out Isn't Far Enough: The Tomi Ungerer Story,14793,Ogdon Davidovicz,480079778-0,84,84,8.5,426
Lady Sings the Blues,2,Ursa Newbold,646778873-7,40310,155,5.6,102
King of Comedy (Hei kek ji wong),18275,Zitella Aldous,935116864-6,7,502,3.2,284
"Food of the Gods, The",2805,Hersch Darko,963168134-3,95,193,5.2,365
In the Midst of Life (Au coeur de la vie),330,Darya Ovington,598325425-1,1,757,4.9,140
Executive Protection (Livvakterna),1,Missie Durrance,999784203-0,29,102,6.0,209
Ulzana's Raid,36467,Jennine Luby,920232675-4,15,72,3.8,414
"Tigger Movie, The",4338,Danice Fielden,745300538-8,17758,193,7.2,230
Choking Man,7,Kevina Kershaw,165153643-0,56,801,8.9,191
Asterix at the Olympic Games (Astérix aux jeux olympiques),3,Saxe Burgett,971712726-3,444,925,3.5,170
Back to School with Franklin,428,Caesar Ascroft,984522299-4,56072,153,9.3,378
Envy,60517,Fenelia Bruyntjes,633900670-1,67,494,6.9,10
That's My Boy,83893,Yevette Bridat,447853803-4,4,214,9.1,314
Beck - Öga för öga,709,Keeley Bachshell,081318576-9,60259,924,4.6,56
The Big Sleep,66,Irena Westgarth,781122785-1,7,760,10.0,366
Inbetween Worlds,8,Karia Goodliff,435900982-8,66,378,4.4,185
"Last Metro, The (Dernier métro, Le)",2,Rodger Brooksbie,133877750-5,535,510,9.8,376
Either Way (Á annan veg),90010,Marcela Mar,234578616-7,0709,306,9.9,230
Rebirth of Mothra III,269,Aubrette Selborne,672710386-0,6,241,4.0,106
Tangerines,5667,Francklin Melbourne,262576333-7,12,674,5.4,369
"Best Intentions, The (Den goda viljan)",88,Sawyer Roggerone,481257323-8,8,252,7.3,101
Cop in Drag,6,Hilary Wason,366870972-6,60,689,3.8,144
Distant (Uzak),2846,Elita Rodman,546350658-2,86,483,6.3,319
Step Up 3D,68464,Derrick Poulsen,801203482-4,5,744,8.1,47
"Flying Scotsman, The",551,Aviva Megarrell,157927906-6,05386,413,7.4,500
Colossus: The Forbin Project,08617,Corinne Moneti,035884069-4,95,500,6.8,10
Carrie,36723,Barbe Lavers,750890193-2,79,818,2.6,259
Bait,6,Brady Devey,574692621-3,1323,318,3.7,466
"Remains of the Day, The",73,Edouard Barrabeale,859701003-7,33748,277,1.9,441
"African Queen, The",62,Tiffy Denty,334731764-5,0,649,2.3,55
Once Around,514,Mylo Stithe,884304461-3,740,112,9.8,122
Non-Stop,27601,Maude Platts,807668991-0,61,110,7.3,149
Maurice,57,Dilly Bougen,318290824-3,20119,167,3.7,190
"Five Pennies, The",2,Carry Musslewhite,903136268-9,26,478,6.2,223
"Comfort of Strangers, The",4,Liane Shand,682214579-6,68307,781,8.8,277
"Wolf of Wall Street, The",457,Antonietta Breeds,987900988-6,080,657,9.3,492
Thief,5310,Randall Kobiela,571777650-0,005,91,3.8,129
Daniel Deronda,68,Bond Millis,276538764-8,41960,287,5.1,333
Air Bud: Golden Receiver,22,Ethe Astin,322248771-5,8650,298,6.4,93
Fright Night,6705,Dori Smart,292698511-8,50756,301,1.6,257
The Great Scout & Cathouse Thursday,527,Northrup Headrick,270941935-1,208,774,2.2,81
"Big Trail, The",9,Kylie Reinhard,377632159-8,9,37,8.6,249
Gendernauts,18,Dex Treasure,074702296-8,2,774,3.5,98
Clara and Me (Clara et moi),1589,Shauna Hambly,815003244-4,54612,993,8.2,236
Aftershock,62,Mallorie Kennagh,984110017-7,232,709,9.4,317
Alice in Wonderland,85015,Novelia Ellerbeck,206026715-3,8533,130,6.7,55
Daddy Nostalgia (Daddy Nostalgie),68,Wright MacKomb,990551919-X,39918,437,4.3,326
Brotherhood of Death,630,Reamonn Strother,090408193-1,8586,700,4.7,394
Chase a Crooked Shadow,67180,Zedekiah Tolomei,775282236-1,2,965,4.9,89
Green Zone,5587,Gusty Christoffersen,832296325-4,94685,273,3.7,494
Flight of the Navigator,34711,Carlynn McKern,215914366-9,942,726,3.8,318
Relentless,79174,Even Lapenna,378163623-2,839,386,5.2,197
All the Boys Love Mandy Lane,37,Mikey Enefer,111573779-1,553,814,8.8,140
Navy Blues,0,Kara Wetherby,828655656-9,93788,423,2.7,14
"Moon in the Gutter, The (La lune dans le caniveau)",123,Westleigh Mabbitt,409191353-9,7,839,7.3,93
Head of State,933,Emmey Scough,216947934-1,553,742,3.0,34
"Last Call, The (Tercera Llamada)",28895,Cosme Aisbett,299824998-1,26,965,4.4,481
Perestroika,35447,Kandace Durber,564880392-3,43116,616,5.5,350
Pecker,408,Reta Nurse,985035032-6,623,71,9.9,152
It's in the Water,91652,Stacy Daulby,914327685-7,1,720,9.4,237
Jack,9315,Cliff Jerwood,254575039-5,412,200,1.4,91
Mammoth (Mammut),1,Salvidor Free,545571281-0,52,990,1.9,300
Black or White,4,Sasha Patshull,752294471-6,1232,271,3.9,149
"Women, The",166,Shandee Doelle,609156956-2,5394,792,3.1,356
"Band's Visit, The (Bikur Ha-Tizmoret)",126,Mace Hartnell,988717905-1,9,22,9.3,136
"Fish Called Wanda, A",60,Inessa Heenan,865184563-4,07,258,3.1,27
Blubberella,07571,Krystyna Normanvill,716926028-X,74,190,6.3,168
Some Days Are Better Than Others,76,Leonard Whitcher,315680660-9,566,364,9.0,16
"Contractor, The",74,Standford Wilstead,364692618-X,16291,698,7.4,279
"Time That Remains, The",83869,Gunar Rudderham,951103147-3,026,141,9.4,419
"Wrong Box, The",2,Amelina Melding,914100972-X,8,422,3.5,264
Montana,30,Danila Garrison,282659985-2,776,379,1.5,288
Reykjavik Whale Watching Massacre,85297,Lilith Tremoulet,116526372-6,61,279,5.5,359
Dying of Laughter (Muertos de Risa),091,Carney Kerner,020875954-9,74,359,2.2,297
Kingdom of Heaven,6521,Ginelle Barkaway,952297200-2,1386,736,4.7,288
The Sea That Thinks,48,Jesse Brazel,348872533-2,31984,525,8.7,460
Abraham Lincoln: Vampire Hunter,59210,Arabele Gostyke,285655880-1,749,654,8.0,180
8MM 2,7344,Eleen McNabb,353757041-4,5735,272,7.6,87
I Was an Adventuress,6599,Stevie Bedome,329112918-0,90,7,8.8,149
Just a Kiss,2,Aldin Tremollet,329098661-6,37251,525,8.1,152
"Box, The",27,Flory Storer,696438862-1,44,583,9.3,96
Legendary,727,Ursala Kinker,525737041-7,019,310,8.5,433
"My Daughter, the Socialist (I kori mou, i sosialistria)",8202,Antonella Ahren,212749616-7,316,460,2.5,330
"Only Son, The (Hitori musuko)",3458,Angeline Ivankin,366270474-9,6,107,2.4,323
The Diary of a Teenage Girl,59,Annette Bellis,781074271-X,27827,13,5.1,228
CrissCross,195,Blanche Smallshaw,795519820-4,7207,517,8.7,267
"Adventure in Space and Time, An",8268,Theodora Alty,280038966-4,8,830,6.2,265
Why Be Good?,0,Toiboid Bonnor,900056397-6,8,272,7.8,245
"Great Gatsby, The",7637,Anallise Loughren,945052599-4,1,185,6.6,314
"Charlie, the Lonesome Cougar",430,Fraser Muzzullo,504873598-6,239,995,8.6,1
Rest Stop,3620,Halli Folliss,011839180-1,7,372,6.3,218
Admiral Yamamoto,98430,Jasmin Palombi,996008425-6,29121,930,2.9,150
Macbeth,25,Helsa Ausiello,446460062-X,9,30,9.3,68
Who Killed Vincent Chin?,3445,Kat Peasee,802361608-0,64,345,4.0,166
"Invincible Iron Man, The",737,Ignacius Domnick,100384416-2,3,983,9.8,220
Burning Bright,92276,Douglass Dosdale,021464863-X,3097,126,1.9,286
Tokyo Godfathers,3,Courtenay Boame,322769858-7,508,744,3.2,497
"Big Lebowski, The",4403,Celestyna Imeson,013425282-9,1,302,9.1,251
Radio Free Albemuth,23792,Louisette Risman,663440205-1,470,9,9.3,46
"Our Lady of the Assassins (Virgen de los sicarios, La)",9568,Cory Haster,694866427-X,3188,180,6.0,329
Condorman,935,Christophe Kebell,333038083-7,2419,772,7.7,446
"Sun Also Rises, The",4264,Maressa Willcocks,293611250-8,5,110,5.7,393
Atlas Shrugged: Who Is John Galt? (Atlas Shrugged: Part III),89,Lorrie Farlow,261844829-4,973,394,4.5,8
"Footprints of a Spirit, The (Huellas de un espíritu)",87022,Allis Rookledge,874610986-2,573,449,4.4,494
Green Tea (Lü cha),25707,Marianne Whorton,297933840-0,683,659,7.7,336
The Hatchet Man,14633,Doloritas Hartnell,773281336-7,80959,478,7.0,18
Identification Marks: None (Rysopis) ,0846,Jacki Couser,112060024-3,2,62,4.0,179
Brave,4582,Ignacio Yellowlea,579006864-2,36,839,5.4,434
How to Be a Player,22496,Kris Firbanks,902219302-0,2201,123,2.7,33
Swingers,27,Janaya Welchman,384706203-4,45640,694,8.9,203
Carne de gallina (Chicken Skin),90,Allie McCambrois,279494568-8,422,968,3.6,455
From Justin to Kelly,7,Chlo Hooks,081194527-8,215,575,4.3,43
The Seventh Sin,16,Geoffry Jendrich,809831818-4,2838,775,9.1,389
Blood and Wine (Blood & Wine),5235,Desmond Trahearn,880597208-8,5296,881,1.1,345
Olympus Has Fallen,22,Constanta Oganesian,876192250-1,4,29,2.1,50
"Stolen Collection, (Skradziona kolekcja)",29537,Kevyn Aspall,720570758-7,4404,215,6.6,54
Hot to Trot,41,Reta Cantle,727510117-3,4,188,3.7,440
Ride the High Country,331,Celestyn Mullins,938050618-X,621,389,2.1,32
This Is 40,5,Brenn Fransoni,909643593-1,018,896,3.0,152
Armored,0608,Demott Nairne,580761601-4,62606,878,6.4,154
Lover Come Back,4,Brana Dottrell,837714558-8,2602,333,2.6,162
Gilda,9,Giffer Rielly,218293295-X,77657,585,3.3,277
Zazie dans le métro,7,Trudey McLarens,214388747-7,2,850,2.7,367
My Life,7312,Cirstoforo Dreamer,462099753-6,22,779,1.7,399
Dragon Ball Z: The History of Trunks (Doragon bôru Z: Zetsubô e no hankô!! Nokosareta chô senshi - Gohan to Torankusu),70890,Harlen Tonna,587711087-X,46,42,4.9,176
Paris Blues,6977,Chrissy Norley,724152719-4,2957,810,6.5,358
Fear and Trembling (Stupeur et tremblements),6418,Griswold Leftbridge,331165379-3,1,8,6.3,259
Supermarket Woman (Sûpâ no onna),1250,Clerc Rous,329323266-3,188,64,8.6,234
Wartorn: 1861-2010,64644,Cass Flooks,852196085-9,3,891,7.2,271
Crazy for Christmas,753,Ritchie Ghent,930980252-9,83,516,5.9,189
Serial Killer Culture,5,Milly Kingzet,694103976-0,8,322,8.8,451
Deception,918,Clarance Championnet,785126910-5,01,972,1.4,237
Blondes at Work,297,Barny Dominiak,221039906-8,77939,760,3.9,455
Seopyeonje,3747,Jason Kimmins,356559368-7,9,810,2.9,313
Prom Night IV: Deliver Us From Evil,11869,Margarete Hacun,878392482-5,01,268,8.3,243
Felon,896,Romonda Rakes,768522152-7,8,330,4.4,465
"Monkey's Tale, A (Château des singes, Le)",999,Dukie Fenkel,165570157-6,76,351,3.2,356
"Pornographer, The (Le pornographe)",258,Cirstoforo Padginton,595012206-2,3,33,8.7,165
"Patsy, The",668,Harwell Frankis,083071765-X,4,830,1.3,198
Densha otoko (Train Man),4,Mitchel Ganforthe,913365858-7,226,81,1.5,160
Mother India,6697,Valerye Sherville,141379540-4,2,741,6.1,6
One Night Stand,319,Adriano Kettow,155743893-5,2,111,7.8,264
"Great Rock 'n' Roll Swindle, The",3,Barbi Janczewski,734798858-6,787,395,10.0,418
Jackass Presents: Bad Grandpa .5,8643,Rowen Leport,414422840-1,29695,941,6.1,479
Gleason,063,Cosmo Wark,729038893-3,4,875,9.3,331
Brigham Young,216,Royal Pierse,775861371-3,0,731,9.1,33
"Internecine Project, The",59,Fidelia Troake,526666034-1,7636,89,4.0,474
"Secret in Their Eyes, The (El secreto de sus ojos)",8,Derrek Dominka,933037895-1,223,551,4.7,200
"Cry of the Owl, The",52732,Leonora Murford,563785751-2,72302,331,5.0,339
Ditirambo,903,Mela Ugolini,968765494-5,86,359,2.8,120
Where Are the Dreams of Youth? (Seishun no yume imaizuko),716,Paco Sibborn,875729154-3,82,152,5.5,48
Mother and Son (Mat i syn),763,Sutherland Coners,362673509-5,5,302,9.0,359
Next of Kin,3,Britte Nicholas,667204795-6,63,115,4.4,430
Edvard Munch,6051,Richardo Marages,305068913-7,44,803,6.9,155
Playmobil: The Secret of Pirate Island,63575,Melisse Roughsedge,455588284-9,9,382,3.6,43
Canon,228,Wiatt Greig,230989170-3,4557,724,5.8,91
Two Crimes (Dos crímenes),40,Cyril Tarbatt,184567169-4,9081,347,1.0,150
Raja,24957,Manolo Keysall,554552440-1,0639,45,7.3,258
Paradise Alley,576,Syman Edwins,817988874-6,8,367,9.9,421
Marvel One-Shot: Item 47,28,Bliss Mundie,514409904-1,4034,556,8.9,333
"Red Firecracker, Green Firecracker (Pao Da Shuang Deng)",874,Harmony Ledram,643771716-5,68,676,6.6,170
Forbidden Zone,0095,Borg Btham,766520357-4,6100,99,1.8,419
Camp,2872,Armstrong Kerne,423281429-9,9412,531,3.0,322
Syrinx,52588,Ced Gepp,112096028-2,5,617,1.1,140
"Crimson Petal and the White, The",32,Billie Baudins,274969517-1,7,323,6.2,336
"Goodbye, South, Goodbye (Nan guo zai jian, nan guo)",6323,Billie Kohnen,645561199-3,4792,148,6.6,82
"Grifters, The",53926,Grazia Cordeix,869463831-2,92,240,2.1,275
Animal Crackers,0746,Rey Mushrow,180855353-5,3,225,5.8,299
Hero and the Terror,6,Maddalena Kohlert,636482737-3,60673,419,1.3,142
Nil By Mouth,27460,Foster Honatsch,324981736-8,45,560,5.2,149
Knights of Badassdom,7957,Carmelina Spellecy,072683227-8,953,821,1.9,453
Promises,3,Jamil Stoacley,608586874-X,41,454,9.4,346
Born to Dance,298,Melisse Fussell,610104810-1,4651,732,5.5,61
Alcina,4013,Lynde Caneo,991367156-6,68383,265,1.8,493
Billabong Odyssey,8818,Lamont Ravenhill,296334090-7,83,390,9.5,283
Romance,0,Crystie Alexandrou,023197851-0,13,565,3.3,406
Ordinary Miracles,1,Nikolas Minucci,474973106-4,412,55,5.6,472
Panic,1355,Chancey Binch,329337471-9,9,339,1.5,76
"Ghost and the Darkness, The",24277,Ynes Tassell,883138195-4,18,213,7.0,110
The Blue Room,182,Mona Dollard,494811350-6,1,915,8.5,212
