username,first_name,last_name,street,house_number,postcode,birthdate,avatar_id,password
dseif0,Debbie,Seif,Loftsgordon,82,2556,2005-02-27,17,6LMApCDd
dedwin1,Darnall,Edwin,Kings,148,4086,2004-09-13,19,yJCQK9pr5j
Amal__York1720,Waring,Dimitriades,Arkansas,190,9845,2003-06-05,12,xjTMqhJ
pganny3,Perceval,Ganny,Cordelia,12,1926,2008-09-23,7,PHAIDGpYIUs
cgadsby4,Chariot,Gadsby,Old Gate,24,2532,2007-03-03,10,MZmMTW
rbeakes5,Rosabel,Beakes,Canary,41,5739,2003-08-16,15,HuYIgDjznK8
crobel6,Carolann,Robel,Longview,45,3384,2006-12-19,20,abLTMSSAO
rcornfield7,Rey,Cornfield,Clove,1,9983,2007-01-02,7,AAw6nfeckB
cbruna8,Cristie,Bruna,Mockingbird,44,9577,2006-09-24,3,0NwRzH
ofibbings9,Oralla,Fibbings,Laurel,184,5164,2006-03-12,15,ZvTiVZcm
rtunmorea,Rollo,Tunmore,Granby,190,205,2005-07-07,16,eXQvWV
lshinfieldb,Lydia,Shinfield,Autumn Leaf,97,9197,2007-10-14,13,777SDZY
ggoaterc,Griswold,Goater,Cherokee,117,1350,2003-11-29,6,Z98tXKxC4yg5
dgawkesd,Devin,Gawkes,Warbler,124,4086,2007-04-08,17,MsxW7MgSbdS
scappelle,Scotty,Cappell,Novick,167,9947,2004-08-26,18,uHgL54WR8ShO
rstanislawf,Roma,Stanislaw,Mccormick,184,9877,2006-06-22,11,YvfBCz
cdavysg,Constantia,Davys,Schmedeman,19,630,2010-04-25,8,nJOALj
Becky_J,Cullan,Dibsdale,Bluejay,140,1662,2004-06-14,17,SYFbof
qleghorni,Quintina,Leghorn,Elmside,156,6111,2003-08-22,16,gfQdELKabrY
jkasselj,Jilleen,Kassel,Luster,153,661,2006-10-09,10,O9PSXISMVey
momearak,Mindy,O' Meara,Butternut,14,9442,2007-05-30,15,ZZNwM2cHwBAG
lkrammerl,Laird,Krammer,Pleasure,95,5134,2004-08-10,2,J7VX5moltseE
hcathcartm,Hayward,Cathcart,Veith,157,8424,2010-04-27,13,xl4H1hgRA
kstivensn,Kaitlynn,Stivens,Fuller,49,2691,2008-06-18,16,YETybpIfhUJt
mwissono,Maryjo,Wisson,Monument,3,1509,2006-12-31,12,LnxB90S
rrowantreep,Rochella,Rowantree,Dahle,116,4033,2006-07-11,1,eQytJAW
bsmalcombeq,Brena,Smalcombe,Parkside,33,9479,2002-06-26,8,56Z97mz
tdaventryr,Tomasine,Daventry,Lake View,146,5859,2003-07-28,1,T1r4tv
jwolperts,Joshia,Wolpert,Hovde,28,3687,2008-12-10,11,HfeMPshGEP
hwickhamt,Hube,Wickham,Gina,82,5810,2004-05-13,6,8YnQ4dYf
ipicardou,Ilario,Picardo,Buhler,40,2224,2009-07-17,20,3sNQUPn
spinockv,Samara,Pinock,Mallory,152,1136,2008-06-25,18,pe5Zrzo
cbagew,Cherish,Bage,Rowland,133,7307,2005-09-07,7,hPsieNG
scollerx,Somerset,Coller,Dottie,157,1480,2009-12-29,14,itA3BQjUzJl
lsphinxey,Logan,Sphinxe,Messerschmidt,59,8987,2003-11-19,17,mENpiZcs
rheaneyz,Richart,Heaney,Huxley,35,6323,2007-10-28,16,TK7Oayd
shenden10,Sandy,Henden,Graceland,101,6171,2007-06-12,12,ZSJZh6
dmcconville11,Dorthy,McConville,Garrison,84,9385,2006-12-10,4,gioTUdoIsh
cblackston12,Cindee,Blackston,Lunder,22,2478,2008-06-17,16,M7iB2hG4h
lspeirs13,Larine,Speirs,Bluejay,52,5536,2008-11-16,4,58RYyM8Gq
mlenahan14,Maribeth,Lenahan,Swallow,88,9131,2008-08-06,3,K2YTH66z
bbalfe15,Burl,Balfe,Fallview,139,7037,2008-01-08,10,nkZ8iRB3IJU
ncatterson16,Nellie,Catterson,Sherman,8,9074,2005-11-05,2,xTIfJq3dUn
smalins17,Susette,Malins,Crescent Oaks,16,5447,2006-07-26,12,CbucEdtaez
chacker18,Cody,Hacker,West,64,9121,2002-06-30,16,GVgUL9Yl
jjann19,Jenny,Jann,Huxley,32,2046,2003-06-10,5,k7yGutoVYlQW
jleatherbarrow1a,Joela,Leatherbarrow,Lotheville,40,7577,2004-11-18,7,iq8iOUQEm
idawkes1b,Iolande,Dawkes,Sunbrook,5,1637,2003-11-06,18,JQRXpmH
vglascott1c,Vinson,Glascott,Rieder,12,1591,2002-10-24,3,yuK9cNq6G1yn
nstlouis1d,Nollie,St. Louis,Quincy,76,8686,2003-08-29,1,DQlIkuBf
lreeds1e,Lem,Reeds,Mallory,66,5524,2008-09-29,16,01zCAXYLv
savo1f,Sheryl,Avo,Linden,145,9437,2008-07-01,17,2tFmCqXkzncG
mchurms1g,Modesta,Churms,Amoth,34,143,2004-12-25,8,Tq0sGfTpKM
pgraham1h,Petr,Graham,Hooker,65,1037,2010-05-12,7,PGH0CZqkQ4
rokennavain1i,Riva,O'Kennavain,Hoepker,89,7177,2002-10-14,7,qnUZkgll9
fpetts1j,Florance,Petts,Dunning,148,3830,2008-08-05,17,srP7Bef
sreason1k,Starlene,Reason,Manley,16,905,2006-12-03,17,oIp9MBh
tcarbery1l,Thedrick,Carbery,Logan,50,1829,2003-09-27,19,LgQRn4sjc6Da
ahellmer1m,Abbie,Hellmer,Northland,122,5780,2007-03-29,5,TFWVLxt8NXM
awillford1n,Arny,Willford,Packers,183,6880,2005-02-17,18,1EU9vi
ilewinton1o,Inesita,Lewinton,Dexter,127,7316,2009-08-24,16,eodLvKk
cbinnie1p,Carlina,Binnie,Lawn,183,4198,2008-05-23,13,kIKY2Yiy
rjenoure1q,Rodi,Jenoure,Old Shore,137,1528,2004-05-14,7,5VbjSewHC8
cgatcliff1r,Consolata,Gatcliff,Rusk,116,6078,2006-08-23,8,JduPY7i
sgoom1s,Stanton,Goom,Fuller,12,6419,2006-09-25,1,QxbjvHmF1JyB
ekingswood1t,Elizabeth,Kingswood,Bonner,190,613,2008-12-31,16,XYaXbR9
hbraksper1u,Hedwiga,Braksper,Nevada,71,8220,2008-03-08,19,jPWEPN1TYw
wlongson1v,Werner,Longson,Lien,104,4448,2004-05-02,5,xNxYfzbQZjd
skail1w,Sal,Kail,Butterfield,152,3645,2009-03-17,1,KBfqWEkKX9a
cmilne1x,Candra,Milne,4th,107,1193,2009-11-27,15,tCk1XvQoQ3
qhildrew1y,Quincy,Hildrew,Clyde Gallagher,97,1186,2004-04-25,13,nkSYd3Z9E
fmarcinkus1z,Fianna,Marcinkus,Colorado,50,8833,2005-08-07,10,DbtRWBau4Wlg
lknill20,Link,Knill,Bay,199,7173,2007-03-19,19,hfpDwrQ
vslewcock21,Veronica,Slewcock,Weeping Birch,80,367,2008-04-19,16,68frVZHevnqB
sdrust22,Sascha,Drust,Utah,76,1136,2009-03-23,4,S1ToeK9hf
adwane23,Ardra,Dwane,Dapin,112,7725,2002-11-12,8,wUvZHb
kroman24,Kylynn,Roman,Clyde Gallagher,9,696,2009-11-08,3,J7FPMyl
dthackeray25,Drew,Thackeray,Fordem,140,414,2008-07-04,7,AmdqmrH
dmatthisson26,Devin,Matthisson,Prairie Rose,16,1525,2003-03-22,2,emQzE8QrKD
sbundock27,Spense,Bundock,Park Meadow,79,2364,2008-05-15,16,68ffdUnuNXw
umagwood28,Ursola,Magwood,Huxley,34,4631,2010-03-10,8,XSbseR7XmXx
ymckechnie29,Yasmeen,McKechnie,Sauthoff,132,5314,2007-01-10,14,1C7qNBmIn
escowcroft2a,Emiline,Scowcroft,High Crossing,137,8197,2005-02-25,7,2Y56PpkWhA
borgill2b,Bernetta,Orgill,Eastwood,71,5272,2008-06-08,11,4Dp6WM
asabattier2c,Arnold,Sabattier,Corry,49,1858,2010-01-13,10,bkcUuc0jygi
eberrane2d,Ernie,Berrane,Sunbrook,23,3600,2007-04-18,10,TGLq9cBs
jbrandle2e,Justis,Brandle,Meadow Ridge,71,3151,2007-04-20,1,iKTVST
dchastan2f,Dyane,Chastan,Maryland,160,204,2007-02-05,7,ynI45HB4PxJj
jomullane2g,Johnathan,O' Mullane,La Follette,92,7439,2004-06-18,20,gEXAVaZBoC
akruschov2h,Ashlie,Kruschov,Tennessee,167,4408,2003-05-20,9,xmcC87fO39Ti
ccarlisle2i,Cherilyn,Carlisle,Barby,103,2080,2007-02-28,2,X1BzBSs
aalphonso2j,Albertine,Alphonso,Westport,120,6392,2006-03-25,19,AeQyyF8uxG
itirone2k,Imojean,Tirone,Dunning,33,669,2003-08-07,8,cBn3bwt
msperling2l,Magdalene,Sperling,Clarendon,31,8212,2004-07-31,20,Wqoz8A30
welms2m,Web,Elms,Derek,134,4984,2005-01-20,18,e7vwGrgFd40
osenechault2n,Oliy,Senechault,Ryan,48,7306,2007-04-30,4,6lb4OsQHKXaD
ltillard2o,Lari,Tillard,Portage,77,5079,2009-08-11,13,LhHNakAgTfM
dcampion2p,Doti,Campion,Meadow Valley,122,6605,2005-10-18,6,Hxns6EP
rgoatcher2q,Rhianon,Goatcher,Nobel,96,7314,2008-01-26,5,kaPSBWLeUo
smourgue2r,Sianna,Mourgue,Blaine,149,8947,2007-03-31,16,0zIF3xGGVXP
edalziell2s,Elaine,Dalziell,Coolidge,71,4611,2007-09-21,11,eBpOj8Am
sgresty2t,Simonette,Gresty,Dixon,114,7708,2007-08-17,7,1Oz8Wnm
skisby2u,Sarette,Kisby,Montana,102,2577,2008-02-26,1,5AzA1N
xnealand2v,Xylia,Nealand,Sheridan,166,941,2002-12-01,14,nMuBHe2FPXWq
skroin2w,Shaw,Kroin,East,102,8394,2004-10-26,10,jh5VWaYV28l
kroth2x,Karina,Roth,Grover,93,9664,2007-05-23,16,ZrlBu9RDA
drobardey2y,Dian,Robardey,Heath,94,6377,2004-07-19,4,o8OhVdV
ebellinger2z,Emile,Bellinger,Sullivan,200,1801,2005-03-13,16,Ss6nXLB
srasp30,Sonya,Rasp,Jenifer,4,842,2003-08-13,17,XVVufC75jHXx
kbunker31,Kippie,Bunker,Merrick,110,9673,2003-05-17,10,pp4vWfU
hdionis32,Hendrick,Dionis,Vermont,61,2223,2005-01-17,11,ISwXb971SON
lsparrow33,Liza,Sparrow,Veith,151,1753,2002-07-07,18,qXSYA5HAZ
alamp34,Adelheid,Lamp,Derek,93,1340,2002-11-15,9,mzMFyJZTGKh
rlegrave35,Rudd,Legrave,Sugar,54,9781,2003-06-30,19,Dk5qEN
lcrayk36,Lindsay,Crayk,Saint Paul,76,7620,2003-10-06,6,tXkiTI9qf
tsterley37,Thurston,Sterley,Granby,142,495,2006-02-01,3,1q4OXMdfBmj
ktorr38,Karim,Torr,Karstens,30,7934,2003-02-20,17,VZdRD4
hdobson39,Hersh,Dobson,Shelley,152,586,2008-11-08,5,JP0uuO6N
abeilby3a,Aimil,Beilby,Harbort,121,2226,2009-10-07,7,H0uLs5
scrispin3b,Shepherd,Crispin,Ronald Regan,19,7645,2003-10-23,5,q4RU9x
wmacailine3c,Wyatan,MacAiline,Colorado,176,5518,2008-01-11,2,sljX4CyH9Z
ktrevers3d,Killy,Trevers,Kenwood,91,9638,2009-10-14,5,0p4YsL2jwHB
wpottle3e,Wilden,Pottle,Milwaukee,31,1283,2008-10-12,17,Jy05xYoA
flidstone3f,Forster,Lidstone,Dunning,17,3384,2008-02-27,17,zKi8qSo8I
hlarciere3g,Hansiain,Larciere,Northridge,52,1468,2008-12-19,17,XenXnjI3nRw
pbeauchamp3h,Peta,Beauchamp,Charing Cross,53,2143,2009-06-10,2,BEZNZ3cBP
kelgee3i,Kermy,Elgee,Coleman,89,7834,2006-07-19,17,Lo6aVQih084Z
sphlippi3j,Shaine,Phlippi,Sunbrook,43,2711,2003-03-04,2,TpxZYel
rmacqueen3k,Rheba,MacQueen,8th,169,3056,2005-11-02,14,26mBZHI
dshemelt3l,Darnall,Shemelt,Dixon,78,5536,2003-12-25,13,WMC2aFn7
jgirardez3m,Joell,Girardez,Darwin,159,9973,2004-02-24,8,6vzoK3e
akyberd3n,Artemus,Kyberd,Victoria,171,4706,2007-02-03,10,tdumzssNe
pwarke3o,Patton,Warke,Del Mar,122,1400,2009-03-20,8,uPxsln1Slw
dbumfrey3p,Delly,Bumfrey,Roxbury,72,4948,2007-09-29,6,JYcgDpYLpmOH
gdubock3q,Garreth,Dubock,Wayridge,87,5084,2002-12-04,19,3zDoryhvl
agoodyear3r,Ayn,Goodyear,Esch,137,8782,2005-09-29,11,vKuCWEXW
cpoulglais3s,Constancy,Poulglais,Susan,124,892,2009-04-18,20,uBmPyajRH74
mwoollons3t,Mirella,Woollons,Bobwhite,4,8872,2005-11-10,4,MZX0pr
cpardie3u,Clemens,Pardie,Express,98,7293,2005-04-19,6,VocAg55qJWm
lcrim3v,Lila,Crim,Transport,146,8884,2009-02-15,6,qDFfp9b
fparres3w,Fedora,Parres,Lakeland,128,8217,2008-10-25,8,NMvmPUF
lrosenberger3x,Leelah,Rosenberger,Erie,2,4134,2004-11-08,1,mpyTrMU3aO
qharrap3y,Quinta,Harrap,Kensington,54,1407,2004-09-27,8,B10sD03QC
khakey3z,Karen,Hakey,Hoepker,28,8876,2002-10-31,6,m7mtaL
rmaior40,Radcliffe,Maior,Westport,165,7324,2003-03-13,4,tGEwuoYYvd
ewalcher41,Elspeth,Walcher,Southridge,181,4471,2005-05-29,19,T6x055X
ibrimmacombe42,Ilysa,Brimmacombe,Golden Leaf,145,8920,2010-05-13,19,kKrbDGMV4bb9
bcaulket43,Bobine,Caulket,Morrow,59,9225,2002-09-05,3,V0qdlac5ci
rpettingill44,Rey,Pettingill,Hallows,42,6203,2004-07-08,11,JfWkXZM5cxVq
rtatterton45,Rollo,Tatterton,Main,198,8035,2003-10-27,13,IB9wtK3ysNP
lives46,Lewiss,Ives,Tennyson,58,7212,2005-02-08,3,F6y5xfABYwlJ
ngeorgeau47,Nickolaus,Georgeau,Valley Edge,91,6521,2003-10-10,15,1n8MjJ
gsyddon48,Gaylene,Syddon,Anzinger,51,7709,2007-10-25,2,5LloMRFvZUv
dkorneichik49,Debera,Korneichik,Beilfuss,195,2883,2009-02-04,5,Xt6NilEvaA
pbinfield4a,Paten,Binfield,Longview,163,9379,2004-10-21,3,3qP24Ft4
kcreed4b,Krissy,Creed,Dakota,70,6763,2008-02-02,11,ypr3QFwxr
pohdirscoll4c,Peyter,O'Hdirscoll,New Castle,188,6530,2005-04-24,15,oMhXRPZ
bboumphrey4d,Bonnee,Boumphrey,Ludington,172,4593,2010-05-26,1,gFfFaKQPvh3N
bbedborough4e,Bibi,Bedborough,Valley Edge,107,521,2006-10-27,12,HvK0u9NcL
mkrauss4f,Minnie,Krauss,Lerdahl,164,7047,2009-02-16,10,3JU36AeF
cpetras4g,Christoph,Petras,Bowman,122,3045,2004-04-24,10,WkMbU4SME
mgrimston4h,Meggie,Grimston,Erie,168,9280,2006-10-27,16,zX0O0K7wT2u
aharroway4i,Arabele,Harroway,Arizona,184,5659,2005-08-07,10,xOM45Yaw6Z
epoxson4j,Edouard,Poxson,Declaration,17,6465,2008-04-25,10,ut4CqEYFn
gbryson4k,Giustina,Bryson,Stone Corner,114,8052,2002-12-29,4,IzvUoaLSZRli
amartel4l,Alyss,Martel,Mendota,28,9970,2004-12-23,2,vn8j008UoP
gdubock4m,Genvieve,Dubock,Goodland,114,8904,2009-09-11,6,yd5vnEMS0g9l
jstaddon4n,Jesse,Staddon,Havey,11,119,2008-06-02,13,cp1tcqAwAd
latchly4o,Lorri,Atchly,Fisk,1,9761,2002-11-05,20,ppkw9AxCRP
bparcell4p,Bartram,Parcell,Mccormick,132,276,2010-01-21,16,segDxrW
lpenhaligon4q,Livy,Penhaligon,Katie,66,6643,2004-04-27,16,PBMQBzVlVM
tsapsford4r,Tait,Sapsford,Portage,103,5507,2005-02-26,19,duLtNk
sroscher4s,Sunny,Roscher,Thackeray,126,7923,2008-11-02,18,DUqbbtXh9
bcoggles4t,Bondie,Coggles,Main,6,9642,2007-01-23,19,Fcvd3LZcvm
sfellowes4u,Slade,Fellowes,Thierer,129,5622,2004-10-12,5,8jB545
eryding4v,Eugenie,Ryding,Bobwhite,141,8907,2004-11-25,5,CXAIDNsF
wburrells4w,Willy,Burrells,Cambridge,26,9870,2009-10-13,20,ZfSU64lC
cplayle4x,Clevie,Playle,Hanson,67,5372,2009-07-15,6,HwsorD
rtourmell4y,Ruthie,Tourmell,Fulton,99,4632,2009-03-27,4,N4cLKUtjDAY
crodgers4z,Colver,Rodgers,Dixon,29,9066,2004-06-17,20,8W6Ue94IVt
bdemke50,Bordy,Demke,Declaration,80,7414,2004-07-12,9,RlowNtPGNjiu
lnovichenko51,Laura,Novichenko,Kingsford,26,890,2002-10-24,14,Il3GEyqTrsJ
aetienne52,Art,Etienne,Sachtjen,65,6984,2004-10-22,2,keDIW8gWn4z
garmitage53,Gabi,Armitage,Dottie,50,4572,2002-09-06,13,Q4olesxwtuL
thuelin54,Tana,Huelin,Lerdahl,184,805,2004-11-05,2,9W1vgXwVxO
mabbes55,Morna,Abbes,Westerfield,118,296,2007-11-24,10,uSoxhIyH
atysall56,Aluino,Tysall,Elgar,16,9308,2003-06-18,4,lDFqfXErNBk
mplester57,Mallorie,Plester,Sutteridge,170,5693,2006-08-08,18,DV3fddjRsrne
dcoomer58,Davy,Coomer,Longview,91,3839,2003-06-30,12,g3PnQ69s
wbowdler59,Will,Bowdler,Maywood,194,5090,2009-12-24,2,4l0OC01z
lbunhill5a,Lucita,Bunhill,Cardinal,4,1705,2004-11-18,14,iGxvK5
ckirtland5b,Cello,Kirtland,Clemons,115,1598,2005-02-19,9,m0On3P
tabbots5c,Trish,Abbots,Merrick,99,8043,2006-07-14,3,Qr2QYaRKzgWn
iknuckles5d,Ilyssa,Knuckles,Schiller,61,4337,2003-10-03,12,hJBlG27m
kbrookesbie5e,Kirsteni,Brookesbie,Corry,157,1729,2004-10-07,15,7u5UzLcD
nmcdugal5f,Neall,McDugal,Hovde,110,7168,2006-07-19,6,m7egn60IGsEd
pmcqueen5g,Pepi,Mc Queen,Schmedeman,89,3608,2008-12-30,18,V0QNEJt
shoundsom5h,Swen,Houndsom,Welch,21,6795,2004-03-29,1,JGaKMG22O
ahapke5i,Agace,Hapke,Oriole,58,7102,2004-08-19,11,ny8UNrivU9z
edominguez5j,Erik,Dominguez,Dahle,56,8571,2008-11-06,13,P4H8h3MHm
npeaple5k,Naomi,Peaple,Delaware,82,9512,2005-08-23,14,dHjie2zZ8Ie
cdoog5l,Cortie,Doog,Bluejay,190,7644,2004-03-10,3,YNvzIH
gred5m,Gordon,Red,Redwing,195,7040,2007-08-25,2,T7AFeWPhV
pbrideoke5n,Pate,Brideoke,Scott,49,9204,2007-08-16,10,FeIfhmA
dthickins5o,Debbi,Thickins,Victoria,149,2301,2008-10-24,6,6rcNy3
wgolly5p,Westbrook,Golly,Kedzie,17,9907,2008-11-06,17,dHZ0NSyQs1
griedel5q,Gery,Riedel,Donald,62,83,2008-07-08,18,ZEYIQt
ddalgety5r,Duke,Dalgety,Truax,193,5184,2010-03-30,5,eKz3B49XnbH
lchopin5s,Libby,Chopin,Summit,109,3773,2002-12-03,2,KV43b5U
klalonde5t,Kasper,Lalonde,Maple Wood,170,9254,2005-03-02,1,f6EnPxTbmDi
bpaulley5u,Briant,Paulley,Mosinee,68,4590,2003-12-26,5,JCSZMl
blivzey5v,Becca,Livzey,Heffernan,133,321,2010-04-13,4,qi4fWdwyaqA
hcompton5w,Haven,Compton,4th,39,6888,2009-08-20,8,cDfb7bANdgJ6
hjennins5x,Hersh,Jennins,Summit,185,3874,2010-02-02,12,ty4P4A
cgasker5y,Cyndi,Gasker,Corscot,111,5140,2009-11-25,16,mCMGWZNh4v
cabyss5z,Carilyn,Abyss,Northridge,108,1837,2005-05-30,9,eDt7DSIR
ishinton60,Isidor,Shinton,Oneill,81,6101,2003-05-08,8,JjnITfHa
lbellwood61,Lisha,Bellwood,Kensington,154,7581,2003-08-22,4,I5svgldYocB
cchurcher62,Chlo,Churcher,Morrow,143,7599,2002-12-05,10,a7SxHV3abH
ksollas63,Kimmi,Sollas,Bluestem,147,5140,2006-08-18,6,J45fhCfgBFS
afeldbau64,Archie,Feldbau,Crescent Oaks,15,3010,2002-11-10,8,qDbyO8opE4Ia
ffisbey65,Frederich,Fisbey,Lotheville,137,3560,2004-10-22,1,RqmZv9P
eelgee66,Etienne,Elgee,Packers,168,4012,2007-09-23,20,qtEtmo1s6
emoles67,Emlynn,Moles,Kim,43,3737,2003-03-24,3,F6IOnud
kcream68,Kelsi,Cream,Reinke,111,3581,2006-03-21,9,H3qwa19G
gcamacho69,Gwen,Camacho,Stang,25,5205,2007-08-22,7,uwKb46Evw
vkierans6a,Valentine,Kierans,Riverside,63,7804,2002-06-15,18,QCgc3Sszydr
rstain6b,Rafaelia,Stain,Dahle,65,7523,2005-07-15,3,ImTDxyx2MdO
cpol6c,Curcio,Pol,West,167,5259,2003-07-13,9,EV0fAuVDMJs
kstanworth6d,Kevon,Stanworth,Moland,51,2969,2008-04-09,19,cIdX5AdcR
acreech6e,Adi,Creech,Huxley,45,7989,2006-02-28,12,UyvX9w89JP
hdziwisz6f,Hart,Dziwisz,School,182,3049,2004-01-25,13,KLJkrAPSCHc
cvassay6g,Cindie,Vassay,Starling,131,3175,2005-03-04,19,JA0H9cZg
jfiddymont6h,Julius,Fiddymont,Fair Oaks,197,5289,2007-11-30,10,9KRCRmAbIZgI
bpinckney6i,Beverlie,Pinckney,Pierstorff,41,5237,2009-11-17,2,V0uShWEZcJ6t
jmcamish6j,Judd,McAmish,Hintze,154,3255,2010-01-23,17,t1qdw0l2EyVU
kbuey6k,Karoly,Buey,Eliot,113,4856,2002-10-29,4,OzkcLsP8a
gmaccague6l,Georgena,MacCague,Tomscot,1,513,2008-11-10,20,eOGaE5056hEA
pmacieiczyk6m,Payton,Macieiczyk,Springview,135,9754,2007-04-14,2,N6upP3ZCnJ6x
dgidman6n,Davy,Gidman,Buena Vista,193,370,2006-05-10,16,BuWMERDx92
btwitty6o,Blair,Twitty,Moose,6,5611,2003-09-20,4,KNyNjkI
dburchatt6p,Durward,Burchatt,Old Shore,104,8219,2007-12-24,18,sbfg4RVcys
sfloch6q,Selig,Floch,Sachs,193,1293,2009-12-13,18,jj8OO0
awyeld6r,Addia,Wyeld,Scoville,151,3149,2002-07-16,4,bPM6GEM
smaric6s,Son,Maric,Buena Vista,80,7487,2006-04-03,19,3qRvAyM
emaccree6t,Emmit,Maccree,Johnson,153,8259,2005-04-26,14,HWtON4
acattel6u,Augy,Cattel,Morning,192,9348,2004-08-13,3,K67YmxS
rmowbray6v,Rhea,Mowbray,Spaight,157,7278,2004-04-12,1,mUeTp2
mvalentin6w,Mason,Valentin,Northland,26,5173,2007-06-14,19,VWkvSUyfi
ldiprose6x,Loraine,Diprose,Morrow,125,9752,2009-02-09,4,05rTy12BAbrw
jwhitehead6y,Joanna,Whitehead,Maple Wood,13,390,2009-05-13,18,pyElifGXeR
mdoudney6z,Minetta,Doudney,School,160,8591,2005-05-22,13,2iSww8Dx
nwykey70,Nicky,Wykey,Kinsman,192,2733,2008-08-28,1,bckAGFBk
poveral71,Pet,Overal,Knutson,39,1850,2006-10-14,7,XB8KAJ7phLN
rchattaway72,Roxane,Chattaway,Doe Crossing,105,7623,2010-03-15,6,fyxU2zuJfNd0
edansie73,Eddie,Dansie,Macpherson,89,5939,2005-07-20,1,coeajlio8g
llaible74,Lindsey,Laible,Spenser,28,6094,2003-07-22,14,F4y625x98rm
wruddin75,Wenonah,Ruddin,Bluestem,87,5623,2008-07-24,15,CalQMXdodpW
clongmuir76,Cherie,Longmuir,Grim,118,4653,2006-07-18,18,ZPrszL8WDSd
jpuckrin77,Jaquenette,Puckrin,Portage,121,6862,2005-09-04,19,KDSV7SDut
blomb78,Brigid,Lomb,Debra,183,2308,2003-07-01,6,zZtbbNo
sshefton79,Sutherland,Shefton,Sloan,11,6987,2007-01-22,9,NDlzpXb0J
hfoltin7a,Hogan,Foltin,Melby,185,1665,2009-02-26,11,cBEeDg
dbacke7b,Dillie,Backe,Hallows,74,2373,2004-06-07,9,njGaZg
fmunkley7c,Fulton,Munkley,Sunfield,173,5979,2008-05-18,20,yDUo7sz
habramovici7d,Halette,Abramovici,Oak,199,1700,2004-02-15,7,09BvabD
rkinig7e,Randy,Kinig,Autumn Leaf,137,6579,2006-03-25,15,KywR34g8
ncasetti7f,Nolie,Casetti,Garrison,182,7498,2007-12-02,20,sM3CXhj
dmccleary7g,Darby,McCleary,Hoepker,69,1136,2006-06-26,11,RsA5yb
okinloch7h,Olympie,Kinloch,Kinsman,57,1173,2009-06-02,2,gEcqADA
spole7i,Sigfrid,Pole,Morning,2,1687,2003-02-10,16,lXIfWDX4nf
tkirtley7j,Tildie,Kirtley,Huxley,109,6159,2003-01-12,16,UxGE3srGZ
btrowill7k,Burty,Trowill,Katie,25,2532,2002-06-29,16,N0IErd
bareles7l,Bil,Areles,Hanover,25,6116,2004-04-30,9,QrflrbvKwhb
rhadgraft7m,Ros,Hadgraft,Alpine,200,8598,2007-06-07,19,aF3t0yld
hmatson7n,Hermione,Matson,Boyd,151,6120,2003-07-09,18,aZuwAVgVW
bbreach7o,Bondie,Breach,Portage,16,4712,2006-10-06,16,NnnJFqzr
tmckeevers7p,Tedd,McKeevers,Reindahl,83,1491,2007-05-09,19,y0cc5V
twillishire7q,Teddi,Willishire,Annamark,79,697,2003-09-22,17,RWFEOS
svonsalzberg7r,Stephie,Von Salzberg,Morning,125,8104,2009-06-25,8,gsoXIW5AyfmD
bruspine7s,Burl,Ruspine,Rowland,183,2298,2006-07-15,7,v2a0vpPt
jplaskitt7t,Jerrine,Plaskitt,Sachs,9,4430,2004-08-21,14,ktDn2QM4y
rhadfield7u,Reba,Hadfield,La Follette,46,7008,2007-02-06,7,nPdLZS2n4VjR
pmatzl7v,Petronilla,Matzl,Quincy,73,2648,2009-08-30,16,ZSkTlOYNcO9F
jeccersley7w,Julieta,Eccersley,Westport,175,1040,2007-01-25,18,4DutQflpB
gmclanachan7x,Garfield,McLanachan,Hoepker,32,3003,2002-08-17,3,tKiw5a
glebbon7y,Giulio,Lebbon,Dixon,132,1633,2003-05-28,18,RcE8eMehk
esteuhlmeyer7z,Elisabetta,Steuhlmeyer,Eliot,164,1673,2006-05-30,5,e4EyqGljm10
hodlin80,Hatty,Odlin,Colorado,161,8853,2004-02-11,8,p3mh3wEznSos
blane81,Bibi,Lane,Jay,200,5137,2003-07-09,20,aDuSI8r5
qpoolton82,Quinton,Poolton,Anniversary,78,729,2007-11-03,5,2Lr33gNRciP
aportinari83,Arluene,Portinari,Vera,148,8201,2008-05-28,13,ifANYzgOq
eirnys84,Eleonora,Irnys,Starling,134,5337,2004-05-20,15,Yohbewnl22
gbilovsky85,Gran,Bilovsky,Northview,119,8485,2003-07-15,6,K4nzG2wHwfk6
thumfrey86,Talia,Humfrey,Reinke,1,3467,2006-08-22,19,WRvicI8q
emoseley87,Everard,Moseley,Myrtle,151,3864,2005-05-03,19,S0T3E7f0
gplumptre88,Glenden,Plumptre,Erie,11,9106,2003-11-22,11,NRySRn
ihitcham89,Isaiah,Hitcham,Express,92,2147,2002-11-15,11,GdJZLe0
epeirpoint8a,Evy,Peirpoint,Shoshone,18,7558,2005-10-21,9,Kv9NGt2la
hvalasek8b,Hayley,Valasek,Eastwood,195,906,2005-09-25,6,5PuxjmKJ7F1L
ocaslane8c,Othella,Caslane,Trailsway,54,7712,2008-01-20,7,GPpkTDbpwHX
cleahair8d,Casar,Leahair,Hansons,138,5626,2005-07-22,16,fVVTGA
tjakoub8e,Tobin,Jakoub,Northridge,156,4860,2010-04-02,17,QKUbCk
spatemore8f,Syd,Patemore,Badeau,47,785,2002-11-19,11,ZxlWSZkKA
bverty8g,Bobette,Verty,Mcguire,129,9931,2006-01-26,5,emOXCt
gmales8h,Gwynne,Males,Sachs,197,6556,2004-06-24,3,fnSeac5
gbavidge8i,Gabi,Bavidge,Coolidge,102,1445,2006-09-22,14,w2lsr6SZyo
dextance8j,Dari,Extance,Dwight,34,9794,2009-06-21,11,kzDup3
gfirk8k,Grover,Firk,Acker,138,1865,2007-02-25,15,tqfhIwSd
ncope8l,Naomi,Cope,Hovde,82,7392,2005-10-17,8,gyIH1q2n1
hchristol8m,Hartley,Christol,Beilfuss,85,4846,2009-10-21,4,eb4BL0uiF
ebath8n,Everard,Bath,Lindbergh,170,6614,2008-11-04,7,OECowsJ
cyakushkin8o,Carlita,Yakushkin,Autumn Leaf,159,59,2002-09-13,18,wmQciZykLW
gmckennan8p,Gerda,McKennan,Morningstar,105,9809,2009-05-12,6,crOJmOhnp
dodhams8q,Devlin,Odhams,Judy,55,9225,2005-04-10,13,MdJdMLfhIA6F
ojandera8r,Olivier,Jandera,Dixon,102,4225,2007-07-21,1,tZs6lYnR7BH
iillidge8s,Irene,Illidge,Maple Wood,79,1341,2006-01-03,6,wyOOOj
mbysshe8t,Mimi,Bysshe,Dottie,3,1698,2007-07-30,15,RMkV80Z
fmaddocks8u,Flori,Maddocks,Ridge Oak,22,788,2004-12-31,20,UgpqcQzlOJUo
merrowe8v,Moina,Errowe,Autumn Leaf,12,6262,2007-09-20,16,YATO8Csh
jwalcot8w,Jemmie,Walcot,Fairview,147,583,2007-10-31,19,ZZRTRW2hAUN
gnovelli8x,Gael,Novelli,Bluejay,81,6812,2004-03-20,15,P2eW1OIrKYAu
tdefraine8y,Tarrance,De Fraine,Grover,84,3471,2009-02-23,9,yABDs89kNX8j
nlardiner8z,Nada,Lardiner,Clove,199,7134,2003-06-10,13,SywOyCz
amiddleditch90,Andi,Middleditch,Old Gate,50,4240,2008-02-08,2,3FFVXGM4
wcroster91,Wald,Croster,Maple,128,7095,2004-08-03,20,vWGcXySKYL
bboys92,Bryn,Boys,American,35,8264,2006-01-19,8,MkEgf6
nubsdall93,Natale,Ubsdall,Carioca,182,9913,2004-03-10,10,0b4pYdcXP
nrannie94,Nikos,Rannie,Annamark,147,8638,2003-05-24,16,G5KN3O9k17
lbedingfield95,Lorenzo,Bedingfield,Hagan,140,3669,2007-09-03,14,4zIlsTvCOtH
cdumbelton96,Corrie,Dumbelton,Shasta,10,9635,2010-06-04,13,4aoTBiolUykZ
ccasbon97,Christina,Casbon,Pleasure,128,7455,2004-04-16,15,WSCjar2VDCc
mhotson98,Manuel,Hotson,Saint Paul,135,3727,2006-02-28,19,u2Vrnv2z
ecommon99,Ephrayim,Common,Marcy,167,7344,2008-11-21,15,XjN7uQOg0
lcrepel9a,Leesa,Crepel,Mosinee,55,8285,2002-08-10,12,E5CMFPZK47
mbennell9b,Mercy,Bennell,Londonderry,87,3368,2007-05-04,18,knuIAk8Y
rbenoist9c,Ralph,Benoist,Golf View,3,8534,2008-06-01,19,Bf8U50aGM
ekippins9d,Elset,Kippins,Elgar,91,2267,2002-08-01,14,nh2FvR3q
hloynes9e,Hubey,Loynes,Summit,181,8888,2009-01-27,11,MXYWLomY
dimesen9f,Dominique,Imesen,Jenna,58,5592,2003-04-06,11,CojrcFd
mstops9g,Margareta,Stops,Waxwing,33,9645,2010-01-08,2,lritM2KPxA3
astanyer9h,Aldon,Stanyer,Carioca,91,8064,2008-12-05,12,rKbk97zS8Aw2
wmacconnell9i,Winny,MacConnell,Westend,77,5578,2006-12-04,7,7PwvG8KehnBR
yrzehorz9j,Yolanda,Rzehorz,Morning,76,1237,2003-01-22,13,el8lIkXwQF
asaker9k,Anatollo,Saker,Redwing,177,5205,2004-06-18,15,TkWu5ROXQ
ptregiddo9l,Paola,Tregiddo,Knutson,111,5580,2004-02-28,20,oHZrdcqahpQ
dkringe9m,Dyane,Kringe,Crownhardt,116,5450,2007-08-27,17,SEkys7Q
yaltham9n,Yolande,Altham,Ronald Regan,75,1535,2010-04-03,13,ZVHER1uMcccC
lspring9o,Lela,Spring,Bartillon,109,4007,2005-09-17,11,7jVD2O6
aconklin9p,Abdel,Conklin,Esch,100,5612,2009-10-26,1,xkCSMPYM
gwhyke9q,Gaile,Whyke,Sunnyside,105,6756,2005-10-30,7,suBI5agl
gattrill9r,Germain,Attrill,Monterey,50,3405,2008-02-27,20,aeZibEW
pmcterlagh9s,Patti,McTerlagh,Buhler,195,7990,2005-07-24,18,ViuQQ5J4EVYY
gstpierre9t,Greg,St. Pierre,Maryland,115,9310,2007-07-06,12,HgqAyzI3
iaustick9u,Iolande,Austick,Crescent Oaks,57,2864,2004-06-12,18,1HigMqfGFd
tshout9v,Tailor,Shout,Brown,167,8273,2006-05-10,13,OjAyXdGzF
cgrimsdale9w,Christa,Grimsdale,South,187,8461,2005-09-02,20,NRtKNG
jschwandermann9x,Jocelyn,Schwandermann,Washington,109,9552,2005-05-03,14,JcfrI7C4Lvoz
mmcmearty9y,Marchelle,McMearty,Macpherson,9,7094,2003-11-26,14,pJSXfQ0i9oE
averni9z,Allis,Verni,Reindahl,116,3601,2006-07-31,18,4PSWDe3NFL
fwimpeya0,Frank,Wimpey,Westport,148,6166,2004-04-21,16,VAhEIzytw
cmattiassia1,Chrissie,Mattiassi,Prairieview,142,2331,2002-10-15,5,PIk5tnHc1JI
mgilberta2,Moria,Gilbert,Waywood,25,8500,2006-07-28,6,qkluVWm
nhoylea3,Noel,Hoyle,Prairieview,17,3845,2004-01-25,11,zV6HnP3e0Yq
galmeidaa4,Garold,Almeida,Brown,107,2528,2009-12-11,19,UP1NcC
tforsona5,Torre,Forson,Maple,172,6953,2003-03-28,19,AKUcQqCPek9e
xskottlea6,Xavier,Skottle,Maple Wood,179,9061,2008-03-26,11,Us8VU4ngbAk
gmilesopa7,Gare,Milesop,Messerschmidt,101,8648,2003-09-10,4,MFr5n6K
lcolesa8,Leoine,Coles,Ronald Regan,20,5410,2004-07-13,10,Du3AXcU
wtrinemana9,Willyt,Trineman,Dayton,69,478,2003-06-18,6,BXCfHxyrBlgm
dpuddefootaa,Dani,Puddefoot,Meadow Valley,124,7283,2005-01-16,5,C59Ejakci
rchamab,Rica,Cham,Mayfield,131,2706,2007-11-29,1,fMfCNwhP
nstuartac,Nikolaos,Stuart,Old Shore,25,1051,2006-05-11,13,4AwtNN
cformigliad,Christal,Formigli,Artisan,105,8489,2007-05-14,8,dc2uuwES4
wknappeae,Wanda,Knappe,Banding,187,3049,2007-11-03,12,ggmCWE
cmattediaf,Corabella,Mattedi,Welch,174,3432,2009-05-21,13,MKuYyW
juttingag,Jerry,Utting,Pawling,175,509,2007-10-20,4,H6ZI6KntdP
etaffeah,Englebert,Taffe,Arizona,186,8189,2010-04-27,1,Vm3pwPUi
ngrierai,Nicola,Grier,Dahle,69,8689,2010-04-25,10,4btLqkJgijIq
jdonisoaj,Justino,Doniso,Nobel,163,4895,2008-10-25,13,RIEFkeE
mbrimicombeak,Maureen,Brimicombe,Sunfield,43,6885,2002-08-03,13,YictN1MUh7w3
mburkal,Michell,Burk,Nelson,152,1127,2008-09-26,7,qq7VnFIl
carlidgeam,Conchita,Arlidge,Vernon,199,5011,2007-12-12,18,pF2B7O6Sq4L
scheckleyan,Silvan,Checkley,Meadow Vale,95,9166,2006-12-03,5,IUrIPz
dbockingsao,Dwain,Bockings,Messerschmidt,128,3010,2003-08-10,5,sGeRKUsVw
klilburnap,Kristoforo,Lilburn,Dixon,58,9278,2008-02-28,11,reoNCLHYVuMG
skeesmanaq,Shel,Keesman,Manufacturers,140,7082,2005-05-13,12,S13ZdCHwTXe
rgellatelyar,Rossie,Gellately,Sugar,196,8601,2006-10-15,10,yTMxHLr
hmolanas,Hadria,Molan,Dakota,102,2375,2009-05-19,14,R2pSCxo05C
mtolworthyat,Mallissa,Tolworthy,Algoma,85,1188,2005-06-29,13,86Ici5
vmacillrickau,Vincents,MacIllrick,Redwing,157,8026,2002-10-11,15,l2FcBk3g1fO
wbonwellav,Wolfy,Bonwell,Scoville,196,1582,2004-08-10,12,8RQKbC1
kmatschukaw,Katrinka,Matschuk,Havey,16,9948,2009-09-19,14,Y4SoO6HCwuh
wtregidoax,Wilmer,Tregido,Algoma,135,1690,2007-04-10,15,hUxyRj
lgoutcheray,Lorelle,Goutcher,Brentwood,38,8424,2008-12-03,6,XSAXmFRJjKw7
kgilluleyaz,Ketti,Gilluley,Tennyson,103,7498,2003-03-10,14,9doR7rXz
mballingerb0,Mikkel,Ballinger,Vermont,11,3290,2005-04-08,10,D3vmQ3
dmacpakeb1,Drucie,MacPake,Knutson,1,4353,2007-01-23,19,ZVFM78U
ajurasekb2,Ailyn,Jurasek,Lawn,173,3130,2005-12-09,1,5ifiuze
csolomonidesb3,Cassandra,Solomonides,Bartelt,193,446,2009-07-01,3,jWH6UbbAfsa
nkitchenhamb4,Noella,Kitchenham,Onsgard,148,6836,2004-07-19,6,dAQvsDuq8cUU
vganifordb5,Verene,Ganiford,Charing Cross,47,481,2009-05-12,15,3cKTubVTHc
hdymottb6,Hamid,Dymott,Gateway,72,5820,2004-09-25,14,uYrCQfM
gtrippb7,Grace,Tripp,Beilfuss,51,1098,2004-01-02,10,ivKJ4L
bwilcoxb8,Britteny,Wilcox,Carioca,69,99,2005-12-02,10,nQhfoogyY
cwheowallb9,Collen,Wheowall,Golf Course,126,3155,2008-05-21,4,ocYeGEuUy8O
sbustardba,Sayre,Bustard,Marquette,149,5005,2008-03-08,6,VPs35gJXm1M4
njohanssenbb,Nikolai,Johanssen,Pawling,182,4780,2003-05-04,7,MBkWztaEZWX
eseedmanbc,Elaine,Seedman,Bayside,159,2318,2007-09-16,20,KuInhc
wmarbd,Whitby,Mar,Green Ridge,79,7520,2003-01-22,4,rluzLb6Vd9jp
lglozmanbe,Lilllie,Glozman,Union,123,8096,2010-02-09,13,h0Rr9a9ZLguI
tcomobf,Tildi,Como,Buhler,140,2196,2008-04-16,8,BcHjoz
bstillmanbg,Brock,Stillman,Dexter,14,2281,2003-01-09,13,kK24MIiK7do
weatttokbh,Washington,Eatttok,Pierstorff,139,6042,2008-03-30,14,AfyUIbKOBa
kstobbartbi,Karney,Stobbart,Buena Vista,97,2758,2006-09-30,3,yl7eHf
jcalvardbj,Julio,Calvard,Hanover,23,6439,2005-10-19,7,xbXY9xbdfA
aabramamovbk,Ayn,Abramamov,Golf,136,1445,2008-11-01,3,G3CJOfp
achittybl,Alisa,Chitty,Columbus,103,1018,2002-06-15,6,n5ZTlr
mcalenderbm,Marcie,Calender,Merchant,28,8012,2005-11-07,16,xUvPkZB
dturveybn,Dorothy,Turvey,Straubel,35,3837,2009-01-22,6,uMg7hix
fhebbornbo,Fiann,Hebborn,Forest,103,8550,2008-04-29,9,hHbTDKhLseyu
nklaessonbp,Nadya,Klaesson,Coleman,84,2328,2006-03-24,17,dTzdWDb
gdearebq,Gaye,Deare,Westridge,63,1002,2003-06-28,17,o9NUrVO7X8
wseebr,Waly,See,Loftsgordon,111,9780,2010-05-07,13,xEOnyD
blangshawbs,Brunhilda,Langshaw,Colorado,123,7381,2003-09-29,16,MC8HYXbiB
cezzybt,Curran,Ezzy,Scott,2,3336,2006-10-09,19,NOCzl07UlaNJ
jborelandbu,Jennine,Boreland,Dottie,165,9254,2007-06-14,3,R8Y93mUNfRu
dklaisbv,Dorry,Klais,Eggendart,68,4468,2008-05-26,10,q762nqbqaDlS
fcastiellobw,Fania,Castiello,Boyd,152,4877,2004-07-10,12,nFQATIbFW6O
treadwingbx,Tadd,Readwing,Autumn Leaf,81,3853,2009-12-15,5,oIu5p34d5H
hdiluciaby,Hussein,Di Lucia,Del Sol,177,567,2005-01-07,10,dwZyLx3GHZq
scrystalbz,Somerset,Crystal,Emmet,83,889,2004-02-11,10,0odiBIqdtse
dbeddoec0,Denys,Beddoe,Waxwing,40,8831,2008-02-11,16,8JO7qwZ
mcapinc1,Mandy,Capin,Spenser,152,9026,2004-12-10,17,EWC0XO7Q5Y8X
pecclestonec2,Paola,Ecclestone,Aberg,30,7126,2003-02-06,16,pYmvuVC3w
ngabottic3,Nelia,Gabotti,Petterle,20,2688,2006-04-23,19,ueJpjGDlTG
fgagesc4,Filberte,Gages,Summer Ridge,15,5543,2005-01-14,13,JllpbOzUVTyY
njancarc5,Noe,Jancar,Duke,115,8399,2005-01-26,13,gss4GzS43s7Z
fgreenroydc6,Foster,Greenroyd,Hollow Ridge,48,2625,2009-07-29,11,vczJepLnTJ
wfaughnyc7,Washington,Faughny,Rieder,131,1322,2006-05-10,3,SSpP5bzFE
bperriec8,Brandie,Perrie,Service,194,7927,2002-09-30,7,2dY9rB8
ccroasdalec9,Charisse,Croasdale,Northland,120,4431,2009-10-16,10,mJ265Bh5jo
osaffleca,Oliviero,Saffle,Commercial,38,9663,2004-04-07,10,YqVD8TgxY
cokeycb,Cecil,Okey,Commercial,89,1002,2008-01-06,11,vtvKdc
hcroydencc,Holly,Croyden,Prairieview,104,9829,2010-01-30,3,l1bRYgt
kstelfaxcd,Kim,Stelfax,Gale,197,1734,2006-01-07,16,tAy5IBQNk
lhankardce,Lamar,Hankard,Esch,104,6627,2008-06-13,1,Fd8cb7Xj1N0
gwilshirecf,Gilburt,Wilshire,Orin,17,598,2010-02-03,16,outSZpbJI
bwhitnallcg,Brandon,Whitnall,Kropf,68,9396,2004-11-03,20,Wa8pHQBa
esoughtonch,Edie,Soughton,Talisman,161,8899,2003-07-14,2,UjNsF5CH
rstaddenci,Regina,Stadden,Anthes,167,2262,2006-04-13,13,yQ038545CiIg
rliescj,Rachael,Lies,Ridgeway,132,5871,2007-01-27,5,6dGgow8
mcristofaninick,Mathian,Cristofanini,Killdeer,90,7607,2004-07-17,4,MMyovlAsHV71
mcliffecl,Margit,Cliffe,Lawn,170,191,2002-07-09,13,db6hh7xP9o0y
iashingdencm,Ignacius,Ashingden,Vera,79,4472,2004-10-02,4,vLYdffEy
afishbournecn,Abrahan,Fishbourne,Sunfield,19,2878,2007-11-21,1,QTCgNpm
nropertco,Nobe,Ropert,Blaine,4,8515,2009-08-02,19,jfC7rL
gkollaschekcp,Gwennie,Kollaschek,Elmside,25,2440,2002-11-03,8,DTQK1W
pshinglescq,Pryce,Shingles,Erie,169,6178,2008-09-18,20,8oJVm2S9Ze
edevinncr,Ellissa,Devinn,Knutson,180,6884,2007-04-11,12,GHs5uPjpI
hyonniecs,Hillie,Yonnie,Mayfield,69,2589,2006-03-05,10,gWzTwt1YSunG
rgrafhomct,Rikki,Grafhom,Prairieview,160,9462,2004-07-19,12,pyQ0FeJwt5
hkrojncu,Harriott,Krojn,Huxley,91,6669,2006-12-15,7,MpxEEwB7
dnorvillcv,Dina,Norvill,Bluejay,86,2384,2009-11-07,18,If5tkZX
awharincw,Anatollo,Wharin,Straubel,89,3461,2004-08-05,17,bqvq9AgpE
vmuncercx,Vikky,Muncer,Meadow Vale,136,1426,2006-03-15,12,EQWrNJ
hyudecy,Horacio,Yude,Hooker,73,9879,2009-05-01,1,Ssr5BILhHa9
rcolliardcz,Ransell,Colliard,Clove,85,3699,2002-06-21,14,0KCl2iHyH
alidbetterd0,Alissa,Lidbetter,Nobel,129,2315,2006-03-13,10,osEbb7yc
ppinkstoned1,Prue,Pinkstone,Fuller,129,7815,2006-04-21,15,kzzKSbM3W
mmattevid2,Murial,Mattevi,Loomis,44,4760,2007-12-31,14,xpzEhtDGS
lizzatd3,Luke,Izzat,Mcguire,41,6100,2008-10-17,15,rNNvgT9xAGaM
ddelgadod4,Derby,Delgado,Ohio,31,4134,2003-04-23,5,HWEjefB0v
lcrucettid5,Lawton,Crucetti,Wayridge,77,2255,2007-06-06,8,nm4O4K
wmylechreestd6,Whitaker,Mylechreest,Dakota,75,6929,2003-07-13,1,gv0oT9RpypOT
scraighalld7,Silvie,Craighall,Everett,170,1000,2002-06-22,19,MZFE0aw
vmenelawsd8,Valida,Menelaws,Jackson,188,4352,2009-05-27,10,3S6YIw
ctoobyd9,Constantina,Tooby,Northland,196,9266,2003-12-25,12,DU8A3jGgqD
shatherellda,Skippie,Hatherell,Maple,118,84,2010-05-22,11,45vusJVO
thesserdb,Tomkin,Hesser,Kensington,184,5608,2006-03-19,3,DhhKlmnCXax
apoutressdc,Albert,Poutress,Marquette,72,9511,2008-08-25,2,pFWYVzg6v
phedleydd,Patty,Hedley,Nobel,53,3655,2003-06-13,10,oumk6U
dwulfingerde,Didi,Wulfinger,Buena Vista,138,4479,2005-11-20,8,4pD2mdYnS
pcluleedf,Prue,Clulee,Mayer,87,8825,2006-12-01,4,UjV3oTXrP
tbowgendg,Tobe,Bowgen,Valley Edge,161,4601,2006-08-18,14,PlNEkphD
rwidmoordh,Ruprecht,Widmoor,David,69,1292,2010-05-29,14,dzGeJCQ0lQ1U
agerdingdi,Avigdor,Gerding,Northridge,188,9471,2010-01-21,10,oyO6ysR9
bguillarddj,Belvia,Guillard,Lunder,59,9362,2003-04-30,15,g6yooBLdkk
mfairndk,Marthe,Fairn,Dunning,4,1703,2010-01-22,18,Iu0LCT
lkinnondl,Lorianna,Kinnon,Vahlen,96,4572,2009-04-21,5,qojuqC2z
rbriztmandm,Reeta,Briztman,Helena,110,8296,2010-04-29,1,cJ1MTOB6
kdowsdn,Kerr,Dows,Jana,186,6975,2005-09-20,19,CorfaMJahZ1p
jverlindendo,Jeremiah,Verlinden,2nd,51,809,2008-05-11,14,79Lp0Sq
mpullendp,Mommy,Pullen,Linden,78,502,2005-11-19,6,nofzysl
nwesthoferdq,Norean,Westhofer,8th,188,7514,2006-05-02,19,ixvpZlkTsb
dbeneixdr,Donnajean,Beneix,Clyde Gallagher,108,5279,2009-10-16,3,mfPJ4d1jOA
kmellishds,Kipp,Mellish,Fairfield,54,3490,2002-09-27,4,EC0hUjUSbz
sduckwithdt,Sullivan,Duckwith,Di Loreto,158,4817,2009-03-31,13,YzvtwqXfEbci
dprawledu,Dusty,Prawle,Jay,16,5389,2006-01-26,6,duLOv62c7
jroddiedv,Johannes,Roddie,Chive,77,2214,2009-01-22,1,gSDYFFv10
tgatmandw,Trudy,Gatman,Lakewood Gardens,109,7412,2009-09-25,12,HO0pnc
jbelshamdx,Janine,Belsham,Erie,199,5931,2003-12-29,13,820nITGgqR
womarady,Way,O' Mara,Longview,128,8803,2004-10-17,8,3KgkLyq
bstidsondz,Buiron,Stidson,Dapin,98,7201,2009-03-10,2,6vXFRLzhi
lmcchesneye0,Lotta,McChesney,Meadow Vale,133,4061,2010-03-28,9,MI7XPEqBc6
wcobbine1,Winny,Cobbin,Banding,117,9610,2007-02-06,16,INfudCs11FH
lblakestone2,Lyndsay,Blakeston,Reindahl,59,1301,2010-01-01,6,gJvzQaUUJGYZ
ssigharde3,Sonya,Sighard,8th,34,6842,2006-11-18,10,BndlxbO7
alothloriene4,Anthony,Lothlorien,Menomonie,12,444,2010-04-09,17,WsbwKRy
hbrockwaye5,Henrieta,Brockway,Rusk,33,9903,2006-11-06,5,iF1JcIEW
wakaste6,Wolfy,Akast,Everett,139,7233,2003-12-01,17,PAGsgXC
ebottlesone7,Emmett,Bottleson,Marcy,62,5464,2007-12-03,20,mDLzbjmYtW1
dkulase8,Dewie,Kulas,Welch,92,2401,2008-12-14,2,gk9FXN4NS
mdobbingse9,Maurits,Dobbings,Nancy,39,5684,2005-04-05,4,4D0Gz4O
hchucksea,Herta,Chucks,Burrows,142,6952,2004-12-31,1,2Yas2mbRYNsO
lainswortheb,Lorettalorna,Ainsworth,Jay,24,7588,2008-10-27,11,46PHlwS67mK
sbenbowec,Sebastian,Benbow,Steensland,45,5292,2009-03-14,18,jOkcbVG9lR6
twithered,Thibaut,Wither,Charing Cross,60,6413,2006-01-23,4,vBypTs
ecompsonee,Enoch,Compson,Sullivan,77,2511,2007-11-09,16,5jYjPDFD2ry
cmacskeaghanef,Caterina,MacSkeaghan,Katie,104,5121,2008-06-17,12,KVntJf5d
ncleggeg,Nina,Clegg,Melody,66,5334,2003-04-30,20,hLW8vU
yheadeyeh,Yoko,Headey,Lakewood Gardens,123,4425,2008-01-08,13,dNxesxTmkq
lraceei,Loralie,Race,Sunbrook,87,2313,2006-01-10,5,GkUWe4EW5psg
lbarstockej,Lyndell,Barstock,Coleman,72,523,2008-01-29,1,RFEEUww8C
cmeriotek,Casar,Meriot,Macpherson,183,1861,2009-10-01,15,k8bWiYpC
ckasherel,Cass,Kasher,Sunnyside,25,330,2008-09-19,12,2kicJ6g
clembkeem,Cary,Lembke,Claremont,45,8521,2009-10-15,3,QLX2zA6
fgaskellen,Friederike,Gaskell,Shelley,175,7290,2009-07-13,10,S8e5ZHxDs6g8
adelveseo,Alis,Delves,Basil,173,9528,2005-01-21,10,CBHDfHGJ2
dgommeryep,Dix,Gommery,Loeprich,1,2220,2008-06-10,13,tCr9MhXx
kkoseq,Kiah,Kos,Lake View,138,2383,2008-12-02,14,hWBho1ggBXpE
gtrulockeer,Garner,Trulocke,Arizona,168,4023,2007-12-21,8,JWCs1Dv
deastmentes,Delcine,Eastment,Mallory,51,3483,2007-05-05,10,DoiGWrR
gcuardallet,Guthrey,Cuardall,Green,22,3015,2003-04-19,20,Z9gcuqEsU
wraittieeu,Willard,Raittie,Lillian,44,1109,2008-10-11,8,Cauu8zK
gsawoodev,Geraldine,Sawood,Scofield,41,6266,2003-09-19,17,pn06QFXfTMWY
gpierroew,Glori,Pierro,Mendota,56,2672,2009-07-19,7,haoQfLyKZ97W
ccardinaleex,Corny,Cardinale,Southridge,161,3100,2005-09-29,8,7yMTec3yHx
mbuttoney,Maribeth,Button,Lakewood Gardens,7,970,2007-08-12,9,wBGrWgT
bkennefordez,Byrom,Kenneford,Myrtle,179,2907,2008-08-14,10,0297Jgh
dhearleyf0,Delbert,Hearley,School,120,5092,2002-07-21,7,dktr5n8rdlty
hfidgettf1,Hagan,Fidgett,Brown,169,3310,2007-10-12,1,0O6rkphzlZFG
tjozefiakf2,Tiffi,Jozefiak,Stephen,44,6327,2006-10-24,20,MdpntY
zmousdallf3,Zach,Mousdall,Oak,131,9708,2007-08-30,12,h7LUddqwyYVR
dcobbinf4,Dominic,Cobbin,Maryland,104,4424,2002-07-04,12,QyFeAM
aaskwithf5,Aeriell,Askwith,Milwaukee,97,6862,2008-03-22,16,4SZorMkv4
fromef6,Flo,Rome,Ridge Oak,55,5071,2005-09-03,6,39mHwYqZur7z
eoventonf7,Ethyl,Oventon,Del Mar,66,3085,2003-02-02,14,EElDEL
eellacombef8,Ed,Ellacombe,Fremont,179,8302,2010-02-16,10,mpha3E
gkirtonf9,Gayel,Kirton,Maple Wood,52,6544,2009-08-11,4,m7Ujdsr
hcolliarfa,Hyacintha,Colliar,Clove,48,9722,2007-12-05,6,N1oHDHzEp8
cleecefb,Charita,Leece,Manley,199,9943,2006-12-13,17,XBTOQx4
mshipfc,Munroe,Ship,Ronald Regan,145,7782,2005-03-26,10,GhNAPqxiS
cbanhamfd,Caroljean,Banham,Village,53,2327,2009-01-08,8,b3ZWjaepA
jyouhillfe,Jozef,Youhill,Aberg,72,7500,2004-02-28,6,qzL6LTCjfS
asheftonff,Anne-corinne,Shefton,Bartillon,140,9500,2005-12-05,13,qctFFDEz7
csherrocksfg,Carlye,Sherrocks,Lighthouse Bay,153,6321,2007-05-31,17,qCvkf0w6
dlinnemannfh,Dukey,Linnemann,Independence,107,9705,2008-05-03,16,E9NuaMey
astoneyfi,Asia,Stoney,Merry,13,8023,2003-11-27,18,9kINVrc
ddarnboroughfj,Dyan,Darnborough,Debs,61,6268,2008-08-27,1,VUatF5tjcFJ
eprierfk,Erasmus,Prier,Schurz,98,4426,2007-07-13,3,AiZfIPPRRFZo
dshergillfl,Dre,Shergill,Meadow Vale,11,5902,2009-05-23,2,RDfKK8qOHtPJ
ghopkynsfm,Gearard,Hopkyns,Eliot,170,2394,2008-04-28,10,uehTfwrlDmB
schumleyfn,Simone,Chumley,Derek,4,8648,2002-06-25,6,tr9Wv4
semlochfo,Shir,Emloch,Elgar,196,7588,2006-04-25,2,SoBRIh
dlilburnfp,Dorise,Lilburn,Jenifer,63,1972,2002-12-05,11,PSSaUf4VTv
gsebrightfq,Giustino,Sebright,Oak,98,8081,2005-06-08,5,5DrGn1aSeCRk
hplewmanfr,Horatius,Plewman,Forest,194,6059,2006-06-07,17,opw4MAQ2gRCU
jsatfordfs,Juieta,Satford,Onsgard,193,440,2007-07-15,7,ESkTYYg5J
rselcraigft,Rem,Selcraig,Straubel,43,2119,2005-12-20,15,S3reeSP
hzelakefu,Hailee,Zelake,Larry,63,1673,2006-02-01,14,YJSaKQOXn
cabdyfv,Cornie,Abdy,Porter,151,891,2008-12-01,16,Udmu6y2sXk
sconorfw,Skip,Conor,American,182,3020,2010-03-18,19,fcgKgwj
sfishpoolfx,Suzanne,Fishpool,Randy,115,3323,2003-09-13,12,2FP4UyW9kD
ahighwayfy,Adelbert,Highway,Corben,170,162,2003-04-22,3,KJHeQH
arilstonfz,Abbey,Rilston,Westend,128,7298,2003-04-05,3,3OSJBrwzK
ipolendineg0,Irina,Polendine,Grasskamp,166,5799,2004-01-23,12,lSx8tzmGb
hdallmang1,Haven,Dallman,Cardinal,164,2268,2007-09-04,9,fJzjQmu96sY
lbeallg2,Leonore,Beall,Kings,131,5968,2010-02-07,5,a558xco5pb
glayburng3,Gabbi,Layburn,Golden Leaf,19,7713,2008-09-23,14,k9CPEyUu2RV1
hgarrawayg4,Hoebart,Garraway,John Wall,47,1089,2004-09-25,5,EENOBin3p9b
sgosalvezg5,Sela,Gosalvez,Coolidge,68,3154,2008-04-11,11,hdoZcd
sdavidovitsg6,Saleem,Davidovits,Emmet,58,8541,2002-08-20,1,9vQMEdQMnfwA
hcoeg7,Hirsch,Coe,Talmadge,126,501,2010-02-27,8,suFyZnwtsA
kumplebyg8,Kale,Umpleby,Shopko,122,9971,2008-11-23,11,w0LWGBetD
mberryanng9,Maritsa,Berryann,Center,152,5552,2009-10-16,1,XqZTv3npmHN
fdrewetga,Flem,Drewet,Havey,52,128,2008-11-02,3,lvsXKoJV
mbullcockgb,Mike,Bullcock,Clyde Gallagher,151,1766,2004-11-01,4,8chfxrpPrgs
zbrittlebankgc,Zitella,Brittlebank,Sachtjen,54,7083,2002-08-09,8,akIC2nds
cdustinggd,Catherina,Dusting,Grasskamp,12,843,2010-05-19,20,kpwshxXek
bgallichange,Bernie,Gallichan,La Follette,104,3851,2009-02-07,7,uD8rHgX
jkissackgf,Jesus,Kissack,Manufacturers,182,4190,2005-09-07,3,kyKa4BvZE3yl
njeacopgg,Nathaniel,Jeacop,Prentice,68,309,2002-08-20,5,zDBZd5BK0FLO
vgillionsgh,Vlad,Gillions,Algoma,10,8457,2004-07-25,2,XnxY2Masjq
sscrippsgi,Shannon,Scripps,Straubel,131,6828,2006-10-02,6,2ab8uWL
mormegj,Milly,Orme,Crescent Oaks,46,673,2009-12-14,18,jhZuwB
ecollabinegk,Emilie,Collabine,Homewood,199,4665,2007-10-10,8,ySE1tL6
mbalshengl,Mercedes,Balshen,Ludington,142,7227,2008-08-07,3,xSULHuAShGNI
hbeckersgm,Humfrid,Beckers,Farwell,14,5829,2003-03-15,19,bSLYpF
mferbygn,Marilin,Ferby,6th,50,3025,2007-04-25,18,YSuF0SfoHV
ltofanelligo,Lotte,Tofanelli,Butternut,176,719,2004-08-05,10,Ffc9Vp
mlongsongp,Moreen,Longson,Michigan,145,2695,2005-01-08,15,fFZiZD6k
apicklesgq,Annadiana,Pickles,Bunker Hill,198,8821,2010-01-19,6,kfbONvPTe
bforogr,Brod,Foro,Scott,152,7646,2003-09-14,4,8ROHLI3RNltU
nfitzgilbertgs,Neville,FitzGilbert,Rockefeller,132,7729,2002-08-25,6,43EsN8
cgrimstongt,Cami,Grimston,Lakewood,176,7975,2007-06-03,11,GAI7Js7PAiq
pslimongu,Pansie,Slimon,Roxbury,161,31,2009-01-22,20,1KfhKvVs
rsticklergv,Rozanna,Stickler,Melby,106,4836,2002-12-08,11,KiXb4VGFNqpi
kburrettgw,Kristina,Burrett,Morning,139,3606,2005-06-28,7,PInTIsOmhJl
imacleodgx,Isabelita,MacLeod,Fordem,195,6302,2006-02-08,17,71rKUP
gfollingy,Giordano,Follin,Longview,79,1991,2008-08-06,9,eHP3QrWvXq
nabdengz,Nolan,Abden,Prairieview,174,4702,2003-11-27,1,v3Y3iFPc
nklimukh0,Nellie,Klimuk,Pleasure,10,1684,2005-06-06,9,lS0KhC9J1g
mrolyh1,Mathilda,Roly,Carberry,165,6658,2005-11-15,12,O9hUGN
bfollinh2,Barton,Follin,Bartillon,146,8604,2008-01-29,9,T4rdr0a21yoc
cfrawleyh3,Chaim,Frawley,Stuart,65,2134,2006-03-13,10,KsKYPkNO3eF
krenshellh4,Kimberlee,Renshell,Almo,121,2926,2009-04-13,2,1FlvqwLa
hpimerickh5,Hartwell,Pimerick,Eagan,19,4077,2008-01-05,18,XBphyD
rheadh6,Radcliffe,Head,3rd,124,5257,2004-02-05,19,nPuKen7
jmceachernh7,Jeanelle,McEachern,Melody,39,9935,2008-10-11,15,CPfgSA
bburdish8,Betti,Burdis,Menomonie,146,1677,2002-11-25,5,mHDP5idqEB
rtillerh9,Roddie,Tiller,Kropf,116,1326,2009-03-26,14,TKkBt32Kn
charryha,Charmane,Harry,Vernon,55,8743,2002-12-26,18,cU4VHY
hfeehb,Hannis,Fee,Butterfield,2,2482,2004-08-02,2,Z073UoYHBd
aeastwoodhc,Alexis,Eastwood,Kings,98,7758,2009-04-19,14,fwpjEQbGhSe
aleaburnhd,Annnora,Leaburn,Rockefeller,174,882,2009-11-13,6,k54rRXQJF2J
llaskeyhe,Lawry,Laskey,Carey,141,9791,2005-11-26,20,thYCQCpe88
dmoresbyhf,Dulce,Moresby,Stuart,173,7084,2007-10-08,14,nPz25Z8
cdudnyhg,Carolyne,Dudny,Loomis,81,7221,2008-09-27,10,aGTi2QrID4
gpenkmanhh,Guy,Penkman,Boyd,32,3541,2007-04-20,16,dh0QJ9kmk
apluckhi,Antonio,Pluck,Old Shore,160,1083,2008-05-15,4,1y8sTkx7tK
cgristockhj,Corrinne,Gristock,Old Gate,61,1648,2004-11-19,2,haStzKP
aanderssonhk,Arda,Andersson,Holy Cross,174,7856,2002-11-20,16,7fa3ou0ex
jshynnhl,Jada,Shynn,Amoth,184,8629,2007-05-18,20,Df4CgvDTSF
emagauranhm,Evvie,Magauran,Raven,128,456,2004-06-09,9,T1RW8Y6NN5WN
kcrowdyhn,Kakalina,Crowdy,Bunker Hill,175,9276,2002-06-21,3,2ckN5lnEF1
fblossho,Foss,Bloss,Darwin,75,9247,2006-07-01,8,52XM3u5sRhV
ncroanhp,Neile,Croan,Mitchell,2,2980,2002-06-11,10,kokquz
flitterickhq,Fayth,Litterick,Union,131,7392,2003-01-08,7,Xwq31pk8BPd
aeddollshr,Aleta,Eddolls,Monument,146,4867,2005-05-23,19,ZKiBVmZm
hpeasgoodhs,Hedvige,Peasgood,Leroy,75,6128,2003-08-11,17,lgqJSNpix
mmondayht,Matti,Monday,Scoville,6,7640,2005-07-12,9,WkCoJn
jaxelbeyhu,Jeanette,Axelbey,Delladonna,155,8087,2006-08-11,1,1mP5oCFUoIdc
pbretellehv,Pattin,Bretelle,Red Cloud,66,7524,2009-06-21,5,Yjz1cx
bspaicehw,Bunny,Spaice,Dakota,151,7944,2007-01-25,8,e1jGUMIcUAaM
dticknerhx,Doy,Tickner,Sycamore,119,6377,2006-03-14,12,smfIvS1
phumbatchhy,Penny,Humbatch,Del Sol,192,8237,2005-02-28,6,iyPikX0B8iM
cheinishhz,Carmelia,Heinish,Sundown,72,7358,2005-11-25,17,updU04aNEB
dpancoasti0,Davidson,Pancoast,Brentwood,17,3404,2004-01-20,9,Luz0jv7GkDBU
osmithsi1,Ode,Smiths,Milwaukee,86,2634,2008-07-14,20,sVkVp5aqE
fsandbatchi2,Francoise,Sandbatch,Jenna,93,481,2002-11-14,16,8jvfQ8
scranni3,Shelby,Crann,Randy,167,6629,2005-04-05,6,uFr8bdggbrW6
obamfieldi4,Orelee,Bamfield,Havey,116,1029,2006-07-27,13,5ZLcQWWuxej
adollardi5,Annabal,Dollard,Oriole,40,8351,2002-07-07,3,ruwJcGfu
gthurskei6,Gabbey,Thurske,Sunbrook,190,8535,2008-12-04,17,YtPSGcN5n
lbeamesi7,Letty,Beames,Springview,10,600,2010-03-01,6,L4q8zlNQl1bu
dblenkini8,Derron,Blenkin,Cascade,43,2956,2009-01-21,20,mRrdx0Zo1kI
ndallicotti9,Norry,Dallicott,Chinook,120,58,2005-08-15,19,YjP6RU5
eocrevania,Elijah,O'Crevan,Karstens,159,2224,2005-04-10,4,yVRZ9X7Jrmx
ypyserib,Yance,Pyser,Garrison,101,9584,2005-10-19,19,IfJY3165
mpleageric,Maud,Pleager,Village Green,90,5219,2006-07-17,13,BMml13H
rpeacockid,Rand,Peacock,Bluejay,45,8498,2003-02-04,18,hI1g40fM90
tchassonie,Tannie,Chasson,Holy Cross,115,7986,2007-08-25,16,vTJAHt
jchiccoif,Jena,Chicco,Clove,190,1342,2010-01-21,12,oVQiox9kiL4z
gbickerdikeig,Giuseppe,Bickerdike,Cherokee,182,2699,2005-09-06,17,RWENLK
lgyseih,Lukas,Gyse,Kensington,125,2542,2007-02-02,9,AdmRNEfeewZm
daddingtonii,Durand,Addington,Hayes,168,1559,2007-08-30,20,l8hFpz
lstrappij,Lorianne,Strapp,Southridge,50,5678,2007-11-07,10,VwXNB2RC6mJT
ctrenemanik,Cammy,Treneman,Hazelcrest,72,8041,2007-10-07,15,IugKbVYwwxw
cjendrassikil,Crichton,Jendrassik,Saint Paul,99,3182,2005-03-29,4,42YB96
sbartiim,Starlene,Barti,Old Shore,138,1028,2008-12-10,4,yN6qDeZdEdWM
awhifenin,Aida,Whifen,Red Cloud,171,9139,2002-11-26,2,94H0bAVC
nbrownlowio,Nona,Brownlow,Mayer,114,9629,2009-04-29,3,U1VmIdk4OB2
cgingoldip,Casie,Gingold,Continental,171,8874,2007-05-26,8,w6fQRqK
mkinneallyiq,Michele,Kinneally,Schlimgen,17,1193,2009-06-27,17,MJztZU
dpetoir,Denver,Peto,Nelson,143,4173,2003-08-06,3,Vt8S6kgGKU
hohmsis,Hoyt,Ohms,Gateway,124,9331,2002-12-18,20,4VWfHp
wgaymerit,Willey,Gaymer,Roth,175,9247,2009-05-24,14,MJAYa8
cmolloyiu,Coralyn,Molloy,Corry,29,9433,2005-08-21,4,s8K9aG
tcameroniv,Tadio,Cameron,Hagan,58,8151,2002-11-17,12,uCuT1ag5sQ9z
dyitzhakofiw,Dian,Yitzhakof,Sherman,70,9802,2007-12-24,15,0XCf1Yd
mporsonix,Manon,Porson,Lawn,25,6887,2007-06-20,14,NdPpAl3A
spattilloiy,Sherry,Pattillo,Rowland,22,543,2009-06-23,14,vMDlVvUcC3m3
boppieiz,Berton,Oppie,Fulton,77,9802,2009-12-26,16,yY7Poopbt
jfairholmej0,Jacquenette,Fairholme,Arrowood,68,4856,2007-11-16,4,glwCe7a3R9I8
agrievej1,Adore,Grieve,Superior,21,9517,2007-11-11,16,irISZZnj
mreihmj2,Maegan,Reihm,Utah,31,3059,2007-06-21,12,iQKTMQ2rtkJ
tcurnessj3,Tad,Curness,Superior,175,8484,2008-02-13,8,rP36JK6
rstabbinsj4,Rosaleen,Stabbins,Hayes,109,5419,2007-12-08,15,CufT8WF6jtl
vdrakesj5,Virgie,Drakes,Vera,12,892,2010-04-28,9,4qxjjnChia
tslightj6,Thibaut,Slight,Elgar,109,499,2007-09-21,12,cdzng8niB
wclimoj7,Ward,Climo,Maple,157,7574,2009-09-21,14,r4DEK6Gg
pholstonj8,Peadar,Holston,Briar Crest,176,1827,2005-06-12,17,GpPAn94NjmAR
zpocknellj9,Zsazsa,Pocknell,Dahle,108,6508,2009-12-21,7,oqGDWRSb
sulyatja,Sena,Ulyat,Miller,108,1446,2005-05-15,12,87TGnSyiwGnC
caymerichjb,Catharine,Aymerich,Jenna,103,4359,2009-03-03,11,hkzSKoiGjAD
jceneyjc,Jaymee,Ceney,Kinsman,65,1548,2005-05-10,9,rnWBELP
ekilloughjd,Emili,Killough,Pawling,124,9901,2006-03-04,6,xBypbI
bgerretsenje,Barnabas,Gerretsen,Scott,148,8693,2008-04-09,3,RHvBHd7
gstarmorejf,Gale,Starmore,Debs,51,1534,2006-10-08,5,LN5aMh1B0KSH
wjagiellojg,Wilburt,Jagiello,Maryland,60,2870,2004-09-22,8,6q3t5I
crankinjh,Cinnamon,Rankin,Columbus,26,1621,2008-09-09,20,shrK256K62x9
tiscowitzji,Ted,Iscowitz,Becker,66,1676,2008-03-07,13,1jclVJiK6fV
tmainsonjj,Tomlin,Mainson,Lukken,154,7447,2003-08-12,12,ff76QmaQxFAU
cbullentjk,Calypso,Bullent,Armistice,76,808,2007-01-26,2,8vwS6eG
lkyffinjl,Loni,Kyffin,Meadow Valley,158,8936,2004-07-06,19,sHGOln
vwhiteheadjm,Vicky,Whitehead,Swallow,189,5565,2002-12-03,20,PLBRR6ru
ashallikerjn,Alene,Shalliker,Helena,91,2123,2003-10-21,5,jllJcF2pY1
vphippenjo,Vernice,Phippen,Rieder,94,3796,2002-09-15,11,VMUcF2Iscg
gstagjp,Grata,Stag,Dapin,172,4794,2005-06-17,10,nAGNEtc
ftullochjq,Fredelia,Tulloch,Monica,16,9201,2005-04-29,14,gYXtEUpgB5
pivashechkinjr,Pooh,Ivashechkin,Lien,81,978,2008-02-25,10,gups87C4EjF
ssitfordjs,Stephi,Sitford,Sherman,61,9072,2004-01-16,4,8aORfTa
gyoudejt,Garek,Youde,Kinsman,107,5644,2007-07-18,13,C9Rx53ClWEI
dkneelandju,Dolly,Kneeland,Dryden,165,9123,2002-12-01,5,e8iJT95hQht
lkingscotejv,Lance,Kingscote,Valley Edge,78,3341,2005-10-08,6,xzomCD
rdilonjw,Roda,Dilon,Ohio,174,6276,2005-11-07,12,IIivbjmew
jodooganjx,Jeff,O'Doogan,Buhler,14,1817,2003-01-06,14,KTkRTM
tkhoterjy,Trev,Khoter,Lighthouse Bay,159,2400,2009-10-16,14,2fOrNRtZ6d3
ischumacherjz,Isidore,Schumacher,Division,184,4031,2009-10-20,13,SiKebW
omayork0,Obediah,Mayor,Laurel,26,579,2004-03-08,13,TN8rApganJP
gtythertonk1,Gail,Tytherton,Annamark,35,9934,2003-01-14,8,ElvFia
shobgenk2,Shelagh,Hobgen,Cambridge,172,5457,2005-06-07,10,IPpzVu
sfanek3,Seymour,Fane,Green Ridge,18,6405,2004-07-11,3,WylYXAWzoz
mdebenedictisk4,Misti,De Benedictis,Brentwood,47,7692,2010-05-16,11,zJQRBVodxRGG
kdesimonik5,Kaleb,De Simoni,Little Fleur,133,4405,2004-08-23,5,osuWaLbP
tgerardik6,Ted,Gerardi,Southridge,139,4606,2004-07-21,19,vJDUViA9T0
neckk7,Nina,Eck,Golf Course,60,5931,2009-05-28,6,FEhijT3
kyoulek8,Krishna,Youle,Clove,60,4627,2008-11-10,19,Cp7BZQhpY
ddealmeidak9,Delly,de Almeida,Oak,26,5290,2008-02-22,1,CZ5uRR
hcribbinka,Hanna,Cribbin,Westend,39,2886,2003-11-29,13,U648YkR
ntidridgekb,Neda,Tidridge,Fairfield,179,2971,2007-01-17,19,zeyjsA4V4uE
szecchinellikc,Sheridan,Zecchinelli,3rd,144,269,2010-01-23,12,a7lUr3lnlFk
npatullokd,Nikolai,Patullo,Continental,35,5133,2003-05-30,18,3sQtk4cH
mmitchensonke,Malcolm,Mitchenson,Graedel,83,8750,2008-11-08,14,nOp1bAs41
eskillittkf,Elysia,Skillitt,Talmadge,26,9239,2009-02-13,12,HsG8c4wzH6
fmaughankg,Fidelio,Maughan,Prentice,132,4278,2005-08-03,5,laVsL8
dmacconneelykh,Daune,MacConneely,Dwight,143,9345,2003-05-01,6,V2KB7m8UnfD
abatcockki,Abran,Batcock,South,194,2220,2007-03-26,8,JiTzCIq5Dg
civasyushkinkj,Coralyn,Ivasyushkin,Hovde,118,6400,2008-01-03,14,pNBqnMa
alaisekk,Allianora,Laise,Havey,151,6133,2003-08-28,20,YkOkFL
nrenachowskikl,Noel,Renachowski,Carey,175,3062,2006-06-05,9,GQtTsyX
pleechmankm,Patric,Leechman,Rigney,192,3528,2008-11-27,5,22P7qx
critchmankn,Craig,Ritchman,Manitowish,115,8706,2005-03-27,17,mVYU2mmHy7N
dleeko,Domenico,Lee,Commercial,166,9953,2003-09-03,9,exICryA5pM
jkelbererkp,Justen,Kelberer,Ryan,57,4162,2002-09-08,8,1R5OlDX9
gthorntonkq,Gabie,Thornton,Redwing,166,1564,2004-07-19,2,SXr9pTfWW
chylandkr,Carey,Hyland,Everett,167,3460,2009-01-22,11,oYrLoDEWgz
vrizzottoks,Verna,Rizzotto,Onsgard,144,1463,2007-04-02,4,B0z7NmrD
arapportkt,Ashia,Rapport,East,20,5383,2004-08-22,19,a6OJFyzrvA
jtoppinku,Jonie,Toppin,Acker,106,7762,2003-01-10,10,efbHfeX
grankcomkv,Glenden,Rankcom,Walton,165,1444,2004-04-17,11,VWET698eH
rpawelczykkw,Romy,Pawelczyk,Novick,100,8314,2006-04-15,19,rSNnbLIDv
rsimmillkx,Ransell,Simmill,Kingsford,110,5237,2003-06-21,7,tgHR7O5Q
amartynky,Alard,Martyn,Kenwood,97,3539,2007-10-26,3,aYYDkD
avanbrughkz,Adam,VanBrugh,Riverside,3,923,2006-09-04,20,g9Ql9zf9zG7
bmaccurlyel0,Barr,MacCurlye,Tennyson,189,4212,2009-12-15,14,JyHjfYwZla
yplayerl1,Yale,Player,Merrick,81,6327,2003-06-26,5,RrEFB8z
tgoodliffl2,Terrijo,Goodliff,Roth,171,538,2007-07-18,17,5bfCNFDzGV
gprydiel3,Georas,Prydie,Fordem,106,7808,2002-11-10,14,eIBW9MPOZd
rrestilll4,Reina,Restill,Columbus,133,8309,2006-01-25,12,VsNsEOphxB6d
fchasteyl5,Fionnula,Chastey,Trailsway,155,6237,2004-05-16,13,adcTJRcJQ
nbatchl6,Nerti,Batch,Oakridge,104,4928,2003-11-20,13,S7q8nxpAH
dblazewiczl7,Demetria,Blazewicz,Shasta,1,5818,2006-01-25,14,nPih8sZJV
fklulicekl8,Freddy,Klulicek,Warbler,166,8626,2009-07-30,1,g7YzFXCdB
sduhamell9,Sheeree,Du Hamel,Messerschmidt,111,7909,2005-06-05,4,A3luKGrb
scossonsla,Selene,Cossons,Bunker Hill,163,6215,2010-03-13,15,mcsFQMW8gj8
jobeneylb,Joby,Obeney,Briar Crest,88,7652,2005-07-18,8,gHdFermQ5sFL
dmahaddylc,Douglas,Mahaddy,2nd,178,7286,2007-07-20,13,bak9lRNJ4Dg
lspohrld,Liz,Spohr,1st,117,8687,2010-05-18,12,cvyWfI
hscrauniagele,Hamnet,Scrauniage,Hoffman,34,2484,2005-01-28,4,BlfTXpZhMNDf
dollivelf,Dud,Ollive,Farragut,32,8083,2009-09-02,19,iKg8UYF4lqq
rsiberrylg,Reade,Siberry,Garrison,106,3556,2008-04-14,9,R1x0Ix
thedmanlh,Terence,Hedman,South,162,9564,2008-11-27,3,mSILbWaJSA21
photchkinli,Pace,Hotchkin,Express,113,3501,2004-11-28,1,d2Ya3WC
tvecardlj,Tobye,Vecard,Florence,41,4346,2008-07-01,1,TV2EXDl
cmillealk,Cynthia,Millea,Roth,44,2750,2004-09-11,7,tE1Zd3VVPfO1
kblazell,Karolina,Blaze,Northwestern,45,3323,2010-01-01,15,lMZAqI6x
psedgebeerlm,Phebe,Sedgebeer,Forest Run,186,6871,2009-07-30,6,0gFUN3A44
wduckerln,Wendel,Ducker,Summit,110,2857,2008-09-15,13,PjujYQnvyj
jratelo,Jeth,Rate,Carpenter,107,6564,2003-05-02,11,VO94S5WFNT
tstealylp,Tatiania,Stealy,Myrtle,140,5162,2007-04-10,2,VXlBdOd2d
ndanielskylq,Nicola,Danielsky,Anthes,23,7917,2009-06-20,1,qTV90u
lnortunenlr,Lethia,Nortunen,Mayfield,14,7436,2008-04-10,18,pSK0MMt1G
abeginls,Abie,Begin,Kedzie,110,4600,2004-12-11,10,cOg5VQCeRCB
dupfoldlt,Dulsea,Upfold,Hintze,50,9480,2008-11-03,17,jzTSkZwaoR
rkensleylu,Ronni,Kensley,Manley,189,9558,2005-12-25,15,VOM2jSy3uI
bnewburylv,Benedicta,Newbury,Cherokee,189,2207,2003-12-18,1,sBlNjQV
clapworthlw,Carny,Lapworth,Elka,168,757,2007-01-05,16,iKc7YrplW
wcarrattlx,Wallis,Carratt,Pankratz,147,6510,2009-11-28,1,hC32UqAWYd6u
bsuarezly,Boot,Suarez,Mesta,2,1634,2005-08-31,2,I7zLDoUmHy
tcleminsonlz,Tabbitha,Cleminson,Golden Leaf,167,1429,2008-04-08,19,B2qYEbPW3
btatumm0,Boycey,Tatum,Vera,192,2171,2008-04-05,20,mJjbwbY
hubsdalem1,Hank,Ubsdale,Riverside,145,7248,2005-10-06,1,oSmtxI
ljedrasm2,Leisha,Jedras,Commercial,20,2203,2006-03-10,8,57qbXY7sJ
kcharopenm3,Kalinda,Charopen,Basil,56,2077,2006-09-09,10,aJFBczY
jwildtm4,Jerry,Wildt,Menomonie,109,7857,2003-11-10,11,qAlUwc
orickabym5,Omar,Rickaby,Lerdahl,194,234,2010-01-04,5,QSP2nw
rwhittym6,Rachel,Whitty,Monterey,169,2016,2007-04-15,16,kElytCd9Ll
skainem7,Shay,Kaine,Di Loreto,90,866,2005-06-07,3,Uuq4b3II5tAo
ktwinamem8,Kala,Twiname,Bay,115,8792,2008-08-02,16,xLQ09dFFTz
wpluckm9,Willdon,Pluck,Nobel,150,4733,2008-10-11,19,QsBLMscW
tmallenderma,Tildy,Mallender,Laurel,105,8123,2002-11-21,5,LVOWB369HGRq
fdensonmb,Fulvia,Denson,Springs,172,2807,2006-10-10,16,onOvqGA
lgolsonmc,Lek,Golson,Melody,118,6185,2003-01-15,1,F2nzMv7OaIU
bgatecliffmd,Bridget,Gatecliff,Westend,111,1493,2005-03-05,3,1bnDCCN
bfryme,Bertha,Fry,Eggendart,135,6724,2006-08-21,8,lqFJ4eZ84
hcoghlinmf,Horatius,Coghlin,Ruskin,183,6673,2003-12-26,11,33r1UXD64G
myousefmg,Mohandas,Yousef,Kipling,78,7724,2005-11-05,12,6ExqbX
mplacemh,Merrill,Place,Mayfield,90,7441,2008-05-28,10,isqwje02hLG
tjeschnermi,Thekla,Jeschner,Mitchell,125,3289,2008-04-13,17,eyKKLMBPuugi
hregnardmj,Haleigh,Regnard,Norway Maple,182,617,2007-03-13,15,QGeprj1BA
twoolcocksmk,Thorsten,Woolcocks,Lake View,15,2076,2008-07-31,12,RNJ24OArZ
wwallworthml,Whitney,Wallworth,Acker,94,8717,2010-01-03,6,6YBKdqS7WAc
afritchlymm,Aubine,Fritchly,Morrow,186,7369,2004-08-17,11,GcckDhjlsw
kjohnstonmn,Karoly,Johnston,Fordem,143,5587,2006-12-06,6,GwrvhAE9U17A
ddubarrymo,Dorie,Dubarry,Cody,86,1835,2005-01-04,15,iyKGwhjeOQ
sbickerdickemp,Skyler,Bickerdicke,Blaine,123,7168,2008-02-11,13,affFwDJiHJnQ
blewinsmq,Booth,Lewins,Oakridge,135,2879,2005-06-16,20,maIJSVg
crainfordmr,Cristin,Rainford,High Crossing,173,9626,2002-08-22,4,K8a0GaWw
msuthworthms,Melody,Suthworth,Bonner,12,3463,2010-03-22,19,VNqLKf0
channahmt,Chicky,Hannah,Brentwood,144,9121,2002-07-20,18,Uoq8q11Fn
dcindereymu,Davida,Cinderey,Sauthoff,83,6965,2003-06-08,9,qqEv6jnrtfL
ppolinimv,Parrnell,Polini,Victoria,116,3034,2003-09-15,15,dEfabg8T
vhackworthymw,Vin,Hackworthy,Browning,173,8986,2003-03-01,18,I44GegYu3
ioxtarbymx,Idette,Oxtarby,Anthes,24,4204,2005-01-05,16,045qW06vX
gkienlemy,Gerhardine,Kienle,Lawn,181,1022,2005-08-10,20,1wmZLgnn
ebranemz,Emmy,Brane,Redwing,182,796,2005-07-25,8,oZ44GIje9ews
mfoggon0,Maxi,Foggo,5th,194,932,2007-09-17,16,MZBmXmrsc
lsamweyesn1,Laina,Samweyes,Commercial,5,7023,2004-03-07,14,4My4Pr
dlawtien2,Dino,Lawtie,Vera,69,3392,2004-01-30,16,ZtYMteCb
ldonohern3,Leontine,Donoher,Northview,188,4154,2008-12-19,5,elWf8yG6
ojacmardn4,Oren,Jacmard,Crowley,78,6878,2010-04-03,12,x6LDKRKC9
kmabbn5,Koren,Mabb,Memorial,17,5106,2007-04-21,6,bIqpHK
sfilinkovn6,Siana,Filinkov,Kinsman,177,7861,2003-02-17,14,YsTMfif9
ubarnardn7,Umberto,Barnard,Anderson,66,4360,2009-12-22,13,waqffE7ua18J
dfarrelln8,Diahann,Farrell,Old Shore,135,9090,2009-05-20,17,ExhWFqU1R3I
ccalderon9,Carrol,Caldero,Buena Vista,91,2720,2004-08-07,3,Z06renWHH
dweerdenburgna,Domingo,Weerdenburg,Memorial,48,9973,2009-09-17,18,hv4OMsGsTo
etinsleynb,Elbert,Tinsley,Rusk,120,5786,2009-11-29,2,M5CnjoWEwx1
kwhitternc,Kerry,Whitter,Arkansas,23,2370,2006-01-04,11,7C3HDTQO2be
dgraylingnd,Donelle,Grayling,Birchwood,198,6539,2010-01-23,12,DrXDR3hIE
pmacgilpatrickne,Philly,MacGilpatrick,Dwight,112,3634,2009-05-02,8,z1dZnyu
eyurkovnf,Elyse,Yurkov,Schlimgen,14,130,2006-12-19,5,WKXIKi
mlangsburyng,Micheal,Langsbury,Service,156,22,2006-04-09,5,Rq4xVDT5ss0
lbonhommenh,Lemuel,Bonhomme,Alpine,187,9637,2005-04-03,8,LQrlqACqXJxD
schaplingni,Skylar,Chapling,Maple Wood,108,3649,2009-08-10,6,zWEkXoGD50
cvarrannj,Calla,Varran,Moulton,163,7787,2007-12-17,18,TJCCt34
vallawaynk,Virge,Allaway,Paget,167,4808,2005-10-03,15,vOOlCMxi1
dmacmeekingnl,Dede,MacMeeking,Truax,173,4768,2010-02-02,3,lSIc0f
hpellamonutennm,Haze,Pellamonuten,Aberg,100,6380,2007-10-19,6,y9zP2lu6xHDX
pmarininn,Prudy,Marini,Judy,71,8278,2005-01-22,9,VvfL1r
dthurberno,Dode,Thurber,Sycamore,19,9889,2008-12-29,5,YuUi8Hd
rstuckownp,Ravid,Stuckow,Bunting,33,8278,2008-11-06,13,wbzSiM8s9zu
abrocklehurstnq,Alvy,Brocklehurst,Esch,155,184,2007-12-13,7,2PPMcHz4ct3
ybellellinr,Yule,Bellelli,Artisan,140,1197,2007-07-04,6,qMfpZv0r2UFi
cshephardns,Caye,Shephard,Elka,137,1516,2004-07-02,10,9PlCUYu
bpocklingtonnt,Bernice,Pocklington,John Wall,12,4310,2008-03-31,10,yfT2F5t
pkarliknu,Peria,Karlik,Lerdahl,93,1428,2007-06-06,10,hS3QUIOz
rbruckentnv,Rutter,Bruckent,Coolidge,103,2049,2004-03-10,7,AtFCQ9
aellacombenw,Alec,Ellacombe,Bashford,75,4986,2003-04-29,8,mc0nYeTz
snormandnx,Sanson,Normand,Dapin,72,8945,2005-09-11,10,ed6kqbzg
tsamwayesny,Tate,Samwayes,Warrior,182,7824,2010-01-16,5,kd7IIbeNaE
pstoternz,Padriac,Stoter,Delaware,48,6063,2003-08-19,6,iczrbctyJDs
qbazireo0,Quintus,Bazire,Hanover,30,8561,2006-07-06,2,M3WiFG
bpitkeathlyo1,Boris,Pitkeathly,Scofield,176,5724,2008-04-15,8,LnflNBd
jdunneto2,Jamie,Dunnet,Donald,25,6892,2005-11-26,13,68xzE4KsWp
gsessero3,Gail,Sesser,Melrose,4,651,2008-01-16,15,xBpIGgPM
lrowleso4,Lewes,Rowles,Birchwood,103,6700,2010-03-03,5,jKFnT2zT
nabrahamovitzo5,Nara,Abrahamovitz,Village Green,71,2809,2003-09-20,15,lnYplhRFh
dyouleso6,Dawn,Youles,Aberg,148,1683,2006-10-06,15,U8aLT0d0p4
mpachmanno7,Matti,Pachmann,Gale,31,3256,2007-06-08,14,JbOM6iOfl
acanningo8,Atlanta,Canning,Steensland,94,8893,2003-09-22,13,zr6r2OzMbKNF
sstaniero9,Shelbi,Stanier,Bunker Hill,188,5203,2005-08-21,19,upUPxoF45
bmariyushkinoa,Bonnibelle,Mariyushkin,Fallview,91,1874,2006-09-23,1,BekE88q6
fdraperob,Fulvia,Draper,Delaware,48,7654,2005-05-26,14,Kfn3ux
estainburnoc,Erv,Stainburn,Fulton,181,1861,2007-03-05,7,f4KFTuJdfEWB
arosettiod,Adamo,Rosetti,Merchant,105,5630,2006-03-14,1,l7Btg1e3d
gsympsonoe,Goldia,Sympson,Southridge,184,5254,2009-07-10,15,U3pIHMHxLX6
bshowalterof,Beauregard,Showalter,International,32,5663,2007-11-14,4,xU6qsAyMQkiL
bwhartonog,Barbee,Wharton,Eastwood,56,5486,2003-08-21,1,9C7XR9k3
bwoodwardoh,Brooke,Woodward,Parkside,21,6002,2002-06-22,14,ZLnHrZv
eroastoi,Erastus,Roast,Westerfield,177,9071,2002-06-14,7,jrezi1REtalv
ykeelyoj,Yettie,Keely,Bashford,16,9623,2004-06-08,5,FQUFv4Jwj
cpeacopok,Cathrine,Peacop,Oak,124,5440,2005-01-19,9,NFJIEpy9J
rtubbleol,Robby,Tubble,Jay,34,1145,2006-01-02,3,DN2r5rNEgK
dsheardsom,Daryl,Sheards,Debs,152,2895,2008-04-19,14,f2uc6JnGt4d
zzmitrukon,Zebulen,Zmitruk,Grayhawk,46,6086,2008-11-15,13,Yewozn0WRYw
ngiraudouoo,Nickie,Giraudou,Carpenter,4,1835,2006-01-05,2,HVTjxm9ZqxD
kseagoop,Kitty,Seago,Southridge,144,9747,2010-01-17,20,Y3e9KoTt5
cketleyoq,Cherie,Ketley,Spenser,111,9544,2004-12-20,20,FQS9zz3
emccritichieor,Emmy,McCritichie,Russell,159,7504,2007-04-13,17,zJrA9WoCp
ltomasicchioos,Lars,Tomasicchio,Crescent Oaks,118,8797,2005-07-11,20,M8uxcingmJuI
mdungateot,Mason,Dungate,Almo,109,958,2008-12-08,12,zTAaYS
dgiovannelliou,Drucy,Giovannelli,Miller,51,9438,2010-02-23,15,3RBi6OzNLt
fguillotov,Faith,Guillot,Washington,121,2085,2004-09-16,10,zN7gsxEK
larguileow,Linnie,Arguile,Cambridge,82,7882,2004-01-07,20,PtIzZQN
abouldingox,Artemas,Boulding,Talmadge,78,5161,2006-12-29,14,ZQo8DNaiGBnw
vtschurschoy,Viv,Tschursch,Mcguire,68,8863,2008-06-03,17,GTbXVFhRdUQI
ylangforthoz,Ynez,Langforth,Pawling,76,3070,2002-09-08,3,pxcMLZEQR
wsimesp0,Washington,Simes,Buhler,124,2514,2004-06-08,11,3VwLQYJ
vbidnallp1,Vanya,Bidnall,Northwestern,49,8149,2007-02-18,18,Kd5qyqg8ur1
jfaithornp2,Janeva,Faithorn,Eliot,150,553,2003-04-01,19,bBAwwCS
nternp3,Nevin,Tern,Maple,72,1843,2002-07-13,14,SgqVRC9L
dodonohuep4,Danila,O'Donohue,Dorton,160,2883,2004-01-16,11,j7gZwkK
sburnsydep5,Sanders,Burnsyde,6th,76,2020,2005-09-01,9,rLE6UU2B10
bbernp6,Beniamino,Bern,Huxley,4,6917,2003-09-16,5,BuZm2p4dJFV
soheaneyp7,Saxe,O'Heaney,Buena Vista,70,6328,2006-06-09,19,ES8KbBbAMev
mjenckesp8,Mufinella,Jenckes,Ruskin,104,4644,2005-09-29,15,7gSlQVYy
dwadworthp9,Danila,Wadworth,Corben,128,7511,2005-11-04,10,X5gfD5Kqf0Z
eansillpa,Elmore,Ansill,Burning Wood,15,1168,2008-12-18,5,4ELkMkSW0
dellumpb,Darrelle,Ellum,Maple,26,7510,2009-05-09,15,wyOUXiO
dbrigshawpc,Davie,Brigshaw,Division,47,8252,2009-11-12,14,ZM0fUaXm
mhumbiepd,Milt,Humbie,Carpenter,83,8868,2007-11-21,13,e59G10ZnI5k
rtrudepe,Reade,Trude,Shopko,55,5901,2007-09-11,16,Lr1vfqBr
dbonhillpf,Desiree,Bonhill,Utah,27,9427,2007-08-26,16,BQvuDCLQ8SIx
acoldbathepg,Afton,Coldbathe,Armistice,99,7153,2009-10-06,11,OvKf1L
fvinaph,Friedrich,Vina,Haas,129,2397,2009-06-28,5,na0N3gw4
cladlowpi,Cyrillus,Ladlow,Artisan,47,1593,2006-05-06,19,AjnvPANE
nwescottpj,Neel,Wescott,Utah,107,5736,2006-06-25,3,eDg0lJPiFW
gembersonpk,Gwenore,Emberson,Lakewood,46,8784,2004-07-04,8,RxgMAzK7Vrn
tgabitispl,Tonnie,Gabitis,Caliangt,52,8301,2009-11-25,4,HJj9ns
tolochanpm,Tess,O'Lochan,Old Shore,1,37,2003-05-18,7,XSsV96
mtansleypn,Margot,Tansley,Gulseth,131,1209,2004-06-27,14,bHy2eiw8lqEr
ctomovicpo,Court,Tomovic,Knutson,158,5064,2003-08-03,19,qTgF2b
cqueripelpp,Chip,Queripel,Prairie Rose,187,3443,2009-02-05,2,YbC9Oe3F
rperonepq,Raphaela,Perone,Upham,76,6960,2005-07-14,4,dL33rL8c
epigottpr,Evonne,Pigott,Saint Paul,162,9696,2003-06-10,12,F0HnK2pgzs
tspeerps,Taylor,Speer,Rusk,6,955,2004-09-22,4,2jsW0ll5
lmushrowpt,Leonanie,Mushrow,Morrow,99,6548,2005-05-05,8,kMI2gYkTABZN
bbareheadpu,Birdie,Barehead,6th,121,6378,2006-07-24,6,Q7JjeodRX
jwilsonepv,Justine,Wilsone,Carberry,58,3848,2003-07-07,12,COUQQI
tmackibbonpw,Trixi,MacKibbon,Bunker Hill,97,9366,2007-06-09,10,jdG23Qi
tmoakespx,Tabb,Moakes,Graceland,32,4645,2007-05-05,16,1hRxtzAa5dH
hphelppy,Holly,Phelp,Lyons,59,7015,2010-04-06,14,IDVYCk
wfranceschipz,Wilhelm,Franceschi,Dunning,1,313,2006-09-26,11,VvtKGnKU
drissonq0,Dexter,Risson,Buhler,149,8187,2007-05-22,17,Cpux4CsM9iJ
wsammsq1,West,Samms,Thierer,115,5248,2002-11-21,7,Y8QOBQcG
khuxtableq2,Kelcy,Huxtable,Eastlawn,200,7385,2005-04-19,13,wENQJWE
mtanfieldq3,Misti,Tanfield,Summerview,168,1906,2003-03-27,14,99Jkkqw
pmerillq4,Pepillo,Merill,Shelley,61,9008,2003-04-18,16,69XU7GYF
gloaldayq5,Ginger,Loalday,Dunning,4,9599,2003-08-11,1,UZRqPF5Md
mlinderq6,Marena,Linder,Dahle,120,9425,2007-12-18,8,KWmencrkU
dbrimq7,Davida,Brim,Raven,17,7942,2005-04-10,6,aBJphAIsap0
ttitmusq8,Torre,Titmus,Knutson,175,9695,2008-09-13,19,Fc1FRQ
jryvesq9,Jereme,Ryves,Ramsey,79,7898,2004-01-21,14,LqHX2g5
swillischqa,Sterne,Willisch,Emmet,155,8598,2005-06-16,14,bceorA
kheindleqb,Kip,Heindle,Rowland,85,1997,2004-05-27,10,mgFdBkGJAy0b
cromandqc,Chrissy,Romand,Holy Cross,56,6149,2008-06-27,17,pXUrxY
ceusticeqd,Colby,Eustice,Main,163,1507,2005-10-29,10,enRhNRJg2ig8
ttomasqe,Timotheus,Tomas,Oriole,26,8961,2003-01-12,5,VB51qDhgd
dromanettiqf,Delmor,Romanetti,Spohn,23,4443,2003-09-29,4,6m4ScbVUI
afollanqg,Averell,Follan,Commercial,11,9363,2005-10-08,18,3F2G2N
vsmitheramqh,Vidovic,Smitheram,Elka,18,5331,2008-05-02,12,GPMgOldTDAS
apestorqi,Abby,Pestor,Graedel,150,8713,2009-01-25,7,JlslMlR79tJY
hjikovskyqj,Harriette,Jikovsky,Karstens,132,3757,2003-04-02,13,VNFmm5IhG
fjirzikqk,Fredelia,Jirzik,Melrose,197,8163,2006-05-31,4,JcklvHsKcyVj
rbeakql,Ruthie,Beak,Lindbergh,54,89,2007-10-21,3,ci1ZuWD
adilsqm,Angelika,Dils,6th,168,4552,2003-10-31,15,jCNe2ynXQHDP
bdurnfordqn,Bastian,Durnford,Golf View,13,8007,2006-12-15,11,P1diZj
knelthroppqo,Katina,Nelthropp,Delladonna,126,9886,2009-12-13,8,HjDb2r
wgribbenqp,Win,Gribben,Kings,149,4739,2003-05-24,17,m93LKWMR2
glinnellqq,Greta,Linnell,Duke,37,6003,2007-08-24,15,lx7bC9UH
vmcdellqr,Victoir,McDell,Dunning,100,86,2002-11-13,17,zrKcV0SuWrx6
vmathelyqs,Vinson,Mathely,Carberry,128,2903,2007-07-23,4,ycsqrBJY4l
wvsanelliqt,Washington,Vsanelli,Heffernan,38,7228,2005-05-18,12,R8ckkNTI
shunnablequ,Sherwin,Hunnable,Mandrake,34,9487,2006-11-30,16,t6v2Xu
evanderstraatenqv,Eloise,Van Der Straaten,Northridge,160,7373,2010-02-21,18,mADPZFSC
ckeaysellqw,Coletta,Keaysell,Morrow,81,8127,2003-02-28,18,oDPGBX6
scollifordqx,Sabra,Colliford,Twin Pines,59,7993,2010-01-24,2,nOEKRNCsLNy
aweinhamqy,Anett,Weinham,Toban,131,5907,2006-07-01,18,eqsYIFFi
rclarricoatesqz,Rutger,Clarricoates,Vera,142,9813,2005-06-04,19,wTSgRIQz
bzanettir0,Boote,Zanetti,Transport,103,2002,2005-08-06,1,2ZpOwyd9foLv
rtidyr1,Riley,Tidy,Old Gate,105,3214,2007-08-13,5,Jl6817lU93zg
eknevettr2,Evangeline,Knevett,Pierstorff,52,9969,2005-06-21,8,A3DiPl2
pfaircliffr3,Pablo,Faircliff,Park Meadow,156,5897,2007-05-15,16,uyLvD2E
lpridittr4,Lenee,Priditt,Dennis,38,5511,2004-10-23,7,5KAEPkSKfC
kphettisr5,Kassi,Phettis,Graedel,57,6221,2007-09-16,4,moNni5CcSIE
cdecarolir6,Candie,De Caroli,Novick,24,7463,2007-12-16,5,UTlZoksYs
cduffilr7,Cybill,Duffil,Ilene,95,4588,2004-03-05,10,LXhql5KM
tdelasaller8,Timmie,De La Salle,Orin,18,36,2007-02-17,10,Sn8Ti0
mbestarr9,Marshal,Bestar,Onsgard,131,4257,2008-12-23,4,bDQQbBpH1HN
adesforgesra,Alasdair,Desforges,Oak Valley,170,1470,2003-10-05,17,BZZhya
ecarreckrb,Eran,Carreck,Spenser,83,8712,2002-11-11,5,fkshwvTu1T
gbenedicterc,Gualterio,Benedicte,Lotheville,37,3955,2009-04-03,1,1S1bPjD9K
jbythewayrd,Joan,Bytheway,Eastwood,7,2543,2005-11-09,13,g0iX6EehB83
acutmorere,Aldus,Cutmore,Birchwood,166,3628,2007-09-05,19,pFJGP6DrF
dbrunningrf,Drake,Brunning,Carey,115,4225,2005-09-04,8,cU3KzAfN
walejandrorg,Welch,Alejandro,Elmside,126,5678,2003-04-06,14,WvmjNHvX2
gjebbrh,Gwen,Jebb,Hauk,24,8054,2004-07-22,15,GD4KTVY
egricewoodri,Ezequiel,Gricewood,Toban,156,5887,2008-10-23,4,GASQyBR
dsmalridgerj,Donovan,Smalridge,Ridgeway,66,2342,2005-10-07,17,la7aVkpR
tsynkerk,Tildi,Synke,Nelson,83,1520,2005-03-09,9,Lg7DOH
neylesrl,Ned,Eyles,Marquette,129,437,2010-03-24,5,cnkcUM
vmccuthaisrm,Veriee,McCuthais,Beilfuss,185,1181,2007-05-09,9,lKSYFC
gfinniganrn,Godfree,Finnigan,West,53,6426,2005-10-26,12,jasZZj
acassarro,Adelheid,Cassar,Anderson,163,9701,2004-02-03,20,wXA69RQ
rsymesrp,Rosette,Symes,Independence,133,654,2003-08-25,14,1gcUlSq
tingledowrq,Thorndike,Ingledow,Lake View,28,1501,2004-11-12,20,uCYhVm
crydingsrr,Coraline,Rydings,Butterfield,101,2450,2008-09-29,20,fC9pYbU
